date,CL sentiment
2014-07-31,0.09127872813454875
2014-08-01,0.12264810718396116
2014-08-02,0.13041007455470272
2014-08-03,0.11320898025338352
2014-08-04,0.10120597724831895
2014-08-05,0.08922957148965495
2014-08-06,0.11187369493291953
2014-08-07,0.1403408547886706
2014-08-08,0.1340218545279735
2014-08-09,0.13395653823093467
2014-08-10,0.13779374962435786
2014-08-11,0.12184495323783116
2014-08-12,0.08370042044293519
2014-08-13,0.11744825389451395
2014-08-14,0.10652882942767443
2014-08-15,0.1042737808710795
2014-08-16,0.12966677980588975
2014-08-17,0.11605778305991905
2014-08-18,0.1118186598494935
2014-08-19,0.10230780310050502
2014-08-20,0.12684468777668073
2014-08-21,0.09961165941955244
2014-08-22,0.1347298864018359
2014-08-23,0.11982914390825884
2014-08-24,0.1001051824994463
2014-08-25,0.10426769978237999
2014-08-26,0.15434929498351002
2014-08-27,0.1174749138428015
2014-08-28,0.12300287940615678
2014-08-29,0.11203181319506215
2014-08-30,0.12659015890666678
2014-08-31,0.11283082190860745
2014-09-01,0.10587360548501111
2014-09-02,0.10420946521475843
2014-09-03,0.13211052671268048
2014-09-04,0.1276286417810547
2014-09-05,0.12701886725600722
2014-09-06,0.11260739554649367
2014-09-07,0.10875382941092783
2014-09-08,0.13174002072244453
2014-09-09,0.10290453567292279
2014-09-10,0.11009455000572677
2014-09-11,0.12146642160236855
2014-09-12,0.11699048133649236
2014-09-13,0.12495161056940396
2014-09-14,0.11500156627852973
2014-09-15,0.12505989077059448
2014-09-16,0.14498579846757106
2014-09-17,0.11614674386826082
2014-09-18,0.09851795123586043
2014-09-19,0.09141879310048312
2014-09-20,0.1001172077469816
2014-09-21,0.0990772616072013
2014-09-22,0.1402114361289526
2014-09-23,0.1125573174588443
2014-09-24,0.12679503559806019
2014-09-25,0.12491183035955203
2014-09-26,0.11406067740122078
2014-09-27,0.1018280768545976
2014-09-28,0.10242832160464745
2014-09-29,0.10455225174911088
2014-09-30,0.11161781613242183
2014-10-01,0.12315567491728542
2014-10-02,0.10700782258875441
2014-10-03,0.0981498097445343
2014-10-04,0.049062177849490844
2014-10-05,0.06587705128902847
2014-10-06,0.1072525053901243
2014-10-07,0.1253445603850336
2014-10-08,0.134092514083624
2014-10-09,0.11072945469680641
2014-10-10,0.10575016914813776
2014-10-11,0.10826359432209214
2014-10-12,0.12812534162214423
2014-10-13,0.11116481576228919
2014-10-14,0.10466042711653728
2014-10-15,0.10994427063116013
2014-10-16,0.10497867093064353
2014-10-17,0.10943570798415583
2014-10-18,0.09524508317323686
2014-10-19,0.11024507830928008
2014-10-20,0.0940702090461238
2014-10-21,0.1322543486997345
2014-10-22,0.1280399142147897
2014-10-23,0.10701830853230983
2014-10-24,0.09648092956551399
2014-10-25,0.1291241031148922
2014-10-26,0.10315773929114153
2014-10-27,0.10553480830135334
2014-10-28,0.09865643226719752
2014-10-29,0.12741682955140726
2014-10-30,0.10142564029134635
2014-10-31,0.10430228303434066
2014-11-01,0.13768798438995158
2014-11-02,0.0855397244684166
2014-11-03,0.11223669878366362
2014-11-04,0.1261517031413464
2014-11-05,0.11755449028819354
2014-11-06,0.13622417297436581
2014-11-07,0.12544887283801226
2014-11-08,0.13811852099871805
2014-11-09,0.12222973928597235
2014-11-10,0.12755539731131788
2014-11-11,0.14625566558492
2014-11-12,0.12614619514840256
2014-11-13,0.11036393354699219
2014-11-14,0.1136196442720009
2014-11-15,0.12279774563541568
2014-11-16,0.11805722100039517
2014-11-17,0.1212110755667163
2014-11-18,0.11195404081264182
2014-11-19,0.12602460713040345
2014-11-20,0.11541496720176121
2014-11-21,0.10859010805300756
2014-11-22,0.11296388880170202
2014-11-23,0.09419419608766916
2014-11-24,0.12519390787298376
2014-11-25,0.10167275885012825
2014-11-26,0.0981684834420531
2014-11-27,0.10427104008480419
2014-11-28,0.12356470714498158
2014-11-29,0.1350938857555953
2014-11-30,0.12968250588804167
2014-12-01,0.11701119571693559
2014-12-02,0.12366451936465382
2014-12-03,0.13326181914507843
2014-12-04,0.11689479256002762
2014-12-05,0.0848504202305009
2014-12-06,0.10551765963471313
2014-12-07,0.1429390109449443
2014-12-08,0.11535615876401581
2014-12-09,0.11571326220692381
2014-12-10,0.10480506420230597
2014-12-11,0.1526889259248565
2014-12-12,0.14089495324972098
2014-12-13,0.1272332823017705
2014-12-14,0.10485200575971527
2014-12-15,0.11124510452470092
2014-12-16,0.10952156956470613
2014-12-17,0.10845765562134892
2014-12-18,0.10235635554177847
2014-12-19,0.10986248674985033
2014-12-20,0.08892255425063951
2014-12-21,0.12001068937780453
2014-12-22,0.10474661234808344
2014-12-23,0.11206980373986074
2014-12-24,0.10771506464252421
2014-12-25,0.09358965805458362
2014-12-26,0.10336685131927675
2014-12-27,0.13963742564539725
2014-12-28,0.12022183921156983
2014-12-29,0.1097173929565066
2014-12-30,0.1016356803437036
2014-12-31,0.12800424719067174
2015-01-01,0.10107150193496814
2015-01-02,0.09095272566126732
2015-01-03,0.09044294137035531
2015-01-04,0.06738802205423113
2015-01-05,0.08671853585267125
2015-01-06,0.11162597718778794
2015-01-07,0.082845453381646
2015-01-08,0.0933896596272505
2015-01-09,0.11652535987225757
2015-01-10,0.14493077653136116
2015-01-11,0.1409370338481414
2015-01-12,0.09744512512657827
2015-01-13,0.06752814720590154
2015-01-14,0.05175378900462742
2015-01-15,0.07751329957580377
2015-01-16,0.06965551226751444
2015-01-17,0.10057154275063299
2015-01-18,0.0944219985356927
2015-01-19,0.09129977445124315
2015-01-20,0.12151103240043312
2015-01-21,0.11852209114454633
2015-01-22,0.1031509124108703
2015-01-23,0.12278709855519922
2015-01-24,0.10593128232349884
2015-01-25,0.12419238752695859
2015-01-26,0.12450597364942653
2015-01-27,0.1308808360778516
2015-01-28,0.11525478173810537
2015-01-29,0.13667921402084995
2015-01-30,0.14127670592813096
2015-01-31,0.1300498057032415
2015-02-01,0.10476985414304453
2015-02-02,0.09335345076891446
2015-02-03,0.11220451976268547
2015-02-04,0.10467019658800593
2015-02-05,0.08710264279056057
2015-02-06,0.09695143973743062
2015-02-07,0.11299612168368202
2015-02-08,0.11157034986009454
2015-02-09,0.11809833922537838
2015-02-10,0.12968583511676277
2015-02-11,0.09739756464865192
2015-02-12,0.11375250813832012
2015-02-13,0.11779123743207198
2015-02-14,0.12970852758875936
2015-02-15,0.08284020575105482
2015-02-16,0.10968168577276272
2015-02-17,0.12467780580246313
2015-02-18,0.12559223383986162
2015-02-19,0.11804754742538277
2015-02-20,0.1176900051643738
2015-02-21,0.13289286532477823
2015-02-22,0.1260777497625375
2015-02-23,0.12007420264263755
2015-02-24,0.13252698341931127
2015-02-25,0.12246227989884893
2015-02-26,0.12740051255889592
2015-02-27,0.13157049554158085
2015-02-28,0.10355618004616522
2015-03-01,0.1205409184662143
2015-03-02,0.12387825181428265
2015-03-03,0.15361093793599215
2015-03-04,0.12154974391739298
2015-03-05,0.11666512169732868
2015-03-06,0.12139239544124367
2015-03-07,0.10140867147136788
2015-03-08,0.09783308715192274
2015-03-09,0.13066803388268394
2015-03-10,0.12735209310454465
2015-03-11,0.11373367682312516
2015-03-12,0.1200161441239807
2015-03-13,0.13450153041028312
2015-03-14,0.13206498753163415
2015-03-15,0.1403992243085374
2015-03-16,0.15158042667039284
2015-03-17,0.13713513630025556
2015-03-18,0.10380106723295804
2015-03-19,0.08793335209243457
2015-03-20,0.0955884012161776
2015-03-21,0.07102281966263746
2015-03-22,0.12583701999047756
2015-03-23,0.10552653752022043
2015-03-24,0.12084283587974606
2015-03-25,0.13287343227903597
2015-03-26,0.1186168190217859
2015-03-27,0.10663586341454662
2015-03-28,0.1069311628784655
2015-03-29,0.11539950975609568
2015-03-30,0.06962047562969738
2015-03-31,0.05920603620682751
2015-04-01,0.0879928530905381
2015-04-02,0.1041779669775569
2015-04-03,0.11245007876582241
2015-04-04,0.14009872296472797
2015-04-05,0.09825038862364423
2015-04-06,0.11267914573647622
2015-04-07,0.12155589448517921
2015-04-08,0.12341457917257556
2015-04-09,0.12372606050925677
2015-04-10,0.11764855830050353
2015-04-11,0.09533350779399052
2015-04-12,0.11314616129895838
2015-04-13,0.13540054267090454
2015-04-14,0.11805332363227673
2015-04-15,0.1333924067566018
2015-04-16,0.12068291265576783
2015-04-17,0.10997712396329672
2015-04-18,0.10005866897529431
2015-04-19,0.10167536830540931
2015-04-20,0.13936035147615117
2015-04-21,0.11305311137318692
2015-04-22,0.1026007628002011
2015-04-23,0.11534542950191713
2015-04-24,0.1104752684796767
2015-04-25,0.11726398037223972
2015-04-26,0.12395065287173569
2015-04-27,0.1269450423349732
2015-04-28,0.08609660898428492
2015-04-29,0.1262674119443827
2015-04-30,0.11982975791707152
2015-05-01,0.12400347013854451
2015-05-02,0.09576624130042173
2015-05-03,0.10302178356933565
2015-05-04,0.1415907774982795
2015-05-05,0.12650215730271874
2015-05-06,0.11862047742081598
2015-05-07,0.10996777207277791
2015-05-08,0.158729430119046
2015-05-09,0.13314477926864404
2015-05-10,0.10508519850163314
2015-05-11,0.113631914083437
2015-05-12,0.1438096466938921
2015-05-13,0.12778743815313948
2015-05-14,0.13967050901243125
2015-05-15,0.11767578441948927
2015-05-16,0.1128201378999647
2015-05-17,0.11887037957552572
2015-05-18,0.1332075330534535
2015-05-19,0.13845307443926153
2015-05-20,0.1189490009458691
2015-05-21,0.12921443285448406
2015-05-22,0.12006195354251001
2015-05-23,0.08588805632585893
2015-05-24,0.09982046469859825
2015-05-25,0.09646066779795431
2015-05-26,0.11793633049329606
2015-05-27,0.13155192835637827
2015-05-28,0.11624345709928355
2015-05-29,0.06782807614143052
2015-05-30,0.05828681773624363
2015-05-31,0.1336812694646767
2015-06-01,0.12311530207752824
2015-06-02,0.11105450017954199
2015-06-03,0.13192532091727646
2015-06-04,0.1327787630226275
2015-06-05,0.0868983076491711
2015-06-06,0.1287570600800479
2015-06-07,0.1353986263306701
2015-06-08,0.1135628202356418
2015-06-09,0.15233398210144772
2015-06-10,0.1519900640545033
2015-06-11,0.1334075320347859
2015-06-12,0.13987030444417858
2015-06-13,0.13722167017698722
2015-06-14,0.11309363472448097
2015-06-15,0.13167815129454388
2015-06-16,0.14332959398614156
2015-06-17,0.12968853558384769
2015-06-18,0.12053690735146284
2015-06-19,0.10949430936194378
2015-06-20,0.11360375478034997
2015-06-21,0.11009200851479121
2015-06-22,0.1302616659753416
2015-06-23,0.11870039369943862
2015-06-24,0.14188857513879213
2015-06-25,0.15354799182911585
2015-06-26,0.14554828381286156
2015-06-27,0.10656839796223305
2015-06-28,0.10410984083120425
2015-06-29,0.10680539234928742
2015-06-30,0.0959462500231454
2015-07-01,0.11196339450727066
2015-07-02,0.11262718431157717
2015-07-03,0.10563637008345655
2015-07-04,0.08143075621711264
2015-07-05,0.08386716637834991
2015-07-06,0.1226682086235976
2015-07-07,0.1360504757917452
2015-07-08,0.1344381604907015
2015-07-09,0.13651437682682058
2015-07-10,0.12437183485872869
2015-07-11,0.16171676313213712
2015-07-12,0.13336667562907545
2015-07-13,0.09873957075579004
2015-07-14,0.11420543217614107
2015-07-15,0.11911039600347299
2015-07-16,0.118003923912271
2015-07-17,0.12260266561675168
2015-07-18,0.11713782221304546
2015-07-19,0.1016080732016794
2015-07-20,0.11034441356732896
2015-07-21,0.16362414389215574
2015-07-22,0.14075635828633482
2015-07-23,0.14183707515689883
2015-07-24,0.12006299469026813
2015-07-25,0.11349771462217244
2015-07-26,0.1198970772514226
2015-07-27,0.15548665813873644
2015-07-28,0.1253542974371923
2015-07-29,0.13366849008984585
2015-07-30,0.12447445597545961
2015-07-31,0.14138969233126805
2015-08-01,0.060439209264295295
2015-08-02,0.10577681538208059
2015-08-03,0.10794076475767021
2015-08-04,0.12819667034099005
2015-08-05,0.1342215144716983
2015-08-06,0.1380808289176622
2015-08-07,0.13147534966533164
2015-08-08,0.12387055506679608
2015-08-09,0.1302218357941739
2015-08-10,0.13716616676683605
2015-08-11,0.1369681140673836
2015-08-12,0.12278656381038976
2015-08-13,0.12606973883746628
2015-08-14,0.12172699105310504
2015-08-15,0.10640736265883619
2015-08-16,0.13212428743427979
2015-08-17,0.12612525232498015
2015-08-18,0.12839029538972338
2015-08-19,0.11686752844283912
2015-08-20,0.14549174167378787
2015-08-21,0.13893247435290307
2015-08-22,0.12159925154625488
2015-08-23,0.10837094775359433
2015-08-24,0.09624725177605481
2015-08-25,0.12669636860824154
2015-08-26,0.12751962684029877
2015-08-27,0.12176994788148121
2015-08-28,0.13190426436562966
2015-08-29,0.10498979266440844
2015-08-30,0.1092240665641273
2015-08-31,0.12512703437531836
2015-09-01,0.12246229789412492
2015-09-02,0.12507217896841918
2015-09-03,0.14003543299878046
2015-09-04,0.12317918290514922
2015-09-05,0.11647511923011772
2015-09-06,0.13406122517423177
2015-09-07,0.14358860865498826
2015-09-08,0.13509750349643698
2015-09-09,0.12026720670108736
2015-09-10,0.1349900147163747
2015-09-11,0.09171499166990056
2015-09-12,0.12615151896911483
2015-09-13,0.11739973245757329
2015-09-14,0.10810946338245507
2015-09-15,0.11960880442634116
2015-09-16,0.1275396511895941
2015-09-17,0.0883845648619712
2015-09-18,0.09006175242043829
2015-09-19,0.11054250075359609
2015-09-20,0.13074910739164405
2015-09-21,0.13222499703178509
2015-09-22,0.13356617511973437
2015-09-23,0.16261494353842604
2015-09-24,0.13030169477165307
2015-09-25,0.09931640889849949
2015-09-26,0.09316529512954991
2015-09-27,0.11890016674303604
2015-09-28,0.11152223497087842
2015-09-29,0.1067465770791736
2015-09-30,0.11711901626891776
2015-10-01,0.11126523062725532
2015-10-02,0.12376934104501623
2015-10-03,0.1487774890620045
2015-10-04,0.15566633985811645
2015-10-05,0.13003643935844464
2015-10-06,0.09999139795156244
2015-10-07,0.1271324916850261
2015-10-08,0.14905903537851256
2015-10-09,0.1296010833772211
2015-10-10,0.11660914504207652
2015-10-11,0.12285930617428013
2015-10-12,0.11602639524733491
2015-10-13,0.13958540211639117
2015-10-14,0.12468748138376319
2015-10-15,0.14118924180762243
2015-10-16,0.1384523591968686
2015-10-17,0.1389339289841635
2015-10-18,0.13577701786520283
2015-10-19,0.12824168942147116
2015-10-20,0.14102231646546073
2015-10-21,0.14022659046301297
2015-10-22,0.13800005340879276
2015-10-23,0.10845994833251973
2015-10-24,0.11227122426058996
2015-10-25,0.1069376068177358
2015-10-26,0.12492449715648209
2015-10-27,0.12849229666627976
2015-10-28,0.13625600598732276
2015-10-29,0.1387683401864767
2015-10-30,0.10724358443650303
2015-10-31,0.09942147536297778
2015-11-01,0.0821948756828242
2015-11-02,0.11925808288152973
2015-11-03,0.13059754207742408
2015-11-04,0.1249452570872858
2015-11-05,0.1232230214305253
2015-11-06,0.11056325943539026
2015-11-07,0.14231650631076456
2015-11-08,0.12473146539226107
2015-11-09,0.12280760813726196
2015-11-10,0.12481429480015536
2015-11-11,0.09943146979074774
2015-11-12,0.09723349578902504
2015-11-13,0.09655820971945481
2015-11-14,0.10528336140758582
2015-11-15,0.07745273837781737
2015-11-16,0.12820182769038896
2015-11-17,0.13294284161301553
2015-11-18,0.1229310485399328
2015-11-19,0.10816446129178393
2015-11-20,0.1027714361691083
2015-11-21,0.10016229629170152
2015-11-22,0.09855137219236215
2015-11-23,0.14537685210858078
2015-11-24,0.1378136787289893
2015-11-25,0.1134202434701297
2015-11-26,0.10753116525743281
2015-11-27,0.11471855197859274
2015-11-28,0.12588947516684681
2015-11-29,0.10905263991034797
2015-11-30,0.12796835679722776
2015-12-01,0.12157485102326646
2015-12-02,0.126579717092553
2015-12-03,0.12677300767228417
2015-12-04,0.11209266386289879
2015-12-05,0.1480557433548179
2015-12-06,0.13937957109637658
2015-12-07,0.13555123411669665
2015-12-08,0.1414967248034533
2015-12-09,0.08907934881534978
2015-12-10,0.10185364787557293
2015-12-11,0.11922443308718624
2015-12-12,0.115545275940873
2015-12-13,0.11700737253560013
2015-12-14,0.13221290910337716
2015-12-15,0.13700372509662903
2015-12-16,0.15687878105585873
2015-12-17,0.11747155683333352
2015-12-18,0.13590658575057493
2015-12-19,0.11899075632700713
2015-12-20,0.12602867923341382
2015-12-21,0.1262942288749379
2015-12-22,0.1278700654008599
2015-12-23,0.12034988430176183
2015-12-24,0.10682920077124582
2015-12-25,0.14118230332063936
2015-12-26,0.1452865206715814
2015-12-27,0.11957443297864938
2015-12-28,0.13859785360323915
2015-12-29,0.13915765592413634
2015-12-30,0.11055456174708192
2015-12-31,0.12983384140322812
2016-01-01,0.13843909567856524
2016-01-02,0.14398230892880867
2016-01-03,0.11660341831819267
2016-01-04,0.1470117947516729
2016-01-05,0.12080695287056584
2016-01-06,0.11400851563592838
2016-01-07,0.12766762423740888
2016-01-08,0.1260117495651298
2016-01-09,0.13862781991824483
2016-01-10,0.1263823304823013
2016-01-11,0.11529788575021187
2016-01-12,0.11799089676074911
2016-01-13,0.11695473596321664
2016-01-14,0.11776311647098792
2016-01-15,0.1006262782986862
2016-01-16,0.1060270661296039
2016-01-17,0.121309324231459
2016-01-18,0.1254756876766181
2016-01-19,0.13228816294339715
2016-01-20,0.11618638534360802
2016-01-21,0.11358169572572294
2016-01-22,0.11932570258414524
2016-01-23,0.13364451473246192
2016-01-24,0.132390607839077
2016-01-25,0.1415197816814184
2016-01-26,0.1523915489882773
2016-01-27,0.13980559275980758
2016-01-28,0.14644765225652315
2016-01-29,0.12349458835385106
2016-01-30,0.12791850084318837
2016-01-31,0.12019081962612563
2016-02-01,0.11360060962325409
2016-02-02,0.10862808036969268
2016-02-03,0.14310090008006018
2016-02-04,0.11860408557456677
2016-02-05,0.1452309166086912
2016-02-06,0.12036751009035905
2016-02-07,0.11219099463882701
2016-02-08,0.12341646805598314
2016-02-09,0.15943285300008128
2016-02-10,0.13286369951893218
2016-02-11,0.10465772395230055
2016-02-12,0.10425066748822898
2016-02-13,0.11770567906346274
2016-02-14,0.08794298909038886
2016-02-15,0.12773114700178162
2016-02-16,0.14332258419085755
2016-02-17,0.1292366843783576
2016-02-18,0.10340392838706401
2016-02-19,0.13038136942954426
2016-02-20,0.14421499344027033
2016-02-21,0.16025969971139178
2016-02-22,0.14581981150697626
2016-02-23,0.14494300974381705
2016-02-24,0.12499024620551072
2016-02-25,0.14753993183848085
2016-02-26,0.14546070947157416
2016-02-27,0.137905028105161
2016-02-28,0.15729846215939092
2016-02-29,0.11772060185081455
2016-03-01,0.14462183207572668
2016-03-02,0.1554221632221736
2016-03-03,0.12683771922628925
2016-03-04,0.12710387157901193
2016-03-05,0.13622145535425648
2016-03-06,0.13788152364337194
2016-03-07,0.1405454508893483
2016-03-08,0.12757489240197287
2016-03-09,0.1600519451746384
2016-03-10,0.1186230872961961
2016-03-11,0.13889289095863533
2016-03-12,0.08795743353281835
2016-03-13,0.11161242094548952
2016-03-14,0.12304512200854725
2016-03-15,0.14311837695164598
2016-03-16,0.14010933301814413
2016-03-17,0.11044762064700625
2016-03-18,0.14983293678803006
2016-03-19,0.14562031422307536
2016-03-20,0.13165572695192548
2016-03-21,0.12547203895657275
2016-03-22,0.14188874792568737
2016-03-23,0.11689237800522415
2016-03-24,0.11119661487136318
2016-03-25,0.15377807665234394
2016-03-26,0.14248076349631308
2016-03-27,0.14334117636936755
2016-03-28,0.1454076440049571
2016-03-29,0.1525192658366049
2016-03-30,0.1323029203451774
2016-03-31,0.1652083790184954
2016-04-01,0.1354748820008563
2016-04-02,0.1347549941857216
2016-04-03,0.11326152190052109
2016-04-04,0.15624713349521557
2016-04-05,0.1293259177972312
2016-04-06,0.10713068646294378
2016-04-07,0.1221425860441125
2016-04-08,0.1557428347921317
2016-04-09,0.15114745279184233
2016-04-10,0.17276897292149548
2016-04-11,0.16754242366740663
2016-04-12,0.13743476692704795
2016-04-13,0.15505611757106416
2016-04-14,0.11342380827863821
2016-04-15,0.10996397842391133
2016-04-16,0.13212208948773987
2016-04-17,0.1277034362047684
2016-04-18,0.12119106450776097
2016-04-19,0.14986675643972658
2016-04-20,0.11643032274489189
2016-04-21,0.10129830899004352
2016-04-22,0.09396029577236874
2016-04-23,0.10515015677527711
2016-04-24,0.10832626067059475
2016-04-25,0.1439531369043613
2016-04-26,0.13672132951405674
2016-04-27,0.11143642947545192
2016-04-28,0.1278074952494396
2016-04-29,0.1295655190421433
2016-04-30,0.10619516186469855
2016-05-01,0.13969158805465684
2016-05-02,0.07158741540031396
2016-05-03,0.07171633367855045
2016-05-04,0.0791659099938416
2016-05-05,0.0504685930424011
2016-05-06,0.08205741108126795
2016-05-07,0.11321313709902524
2016-05-08,0.0959043268620369
2016-05-09,0.09119108695847171
2016-05-10,0.11981435205294266
2016-05-11,0.10937526333886914
2016-05-12,0.1201439644841273
2016-05-13,0.11582591679212957
2016-05-14,0.14560707409565862
2016-05-15,0.12990743861743925
2016-05-16,0.1366184451450714
2016-05-17,0.18678393663443354
2016-05-18,0.14788477728517732
2016-05-19,0.15798472906662556
2016-05-20,0.14813274490501252
2016-05-21,0.13250265486686663
2016-05-22,0.14567906195393432
2016-05-23,0.1420522712755727
2016-05-24,0.13338178862885594
2016-05-25,0.12757704545350843
2016-05-26,0.12369038299186022
2016-05-27,0.11454289629606268
2016-05-28,0.08093566682825007
2016-05-29,0.09542428656321054
2016-05-30,0.1117839752474065
2016-05-31,0.10468357185384244
2016-06-01,0.15852797341494734
2016-06-02,0.11359804904399003
2016-06-03,0.12639210691522723
2016-06-04,0.11758796881279555
2016-06-05,0.12375164483900832
2016-06-06,0.15894696353664092
2016-06-07,0.12509661026536417
2016-06-08,0.12330342053056145
2016-06-09,0.09018208908061574
2016-06-10,0.11634235504043317
2016-06-11,0.13288373075324852
2016-06-12,0.10662663861742638
2016-06-13,0.11442678020461809
2016-06-14,0.11549830099992432
2016-06-15,0.1405064799820426
2016-06-16,0.1143699979558552
2016-06-17,0.10681006653397043
2016-06-18,0.12134298653363298
2016-06-19,0.11653677347884422
2016-06-20,0.1239296302824645
2016-06-21,0.12144639247945989
2016-06-22,0.12383750246475972
2016-06-23,0.11401646446995856
2016-06-24,0.12691155910312504
2016-06-25,0.13308980283945945
2016-06-26,0.13324500266087222
2016-06-27,0.13683557075549033
2016-06-28,0.1261270843700998
2016-06-29,0.1153528352888864
2016-06-30,0.11309242980240923
2016-07-01,0.10217161868920512
2016-07-02,0.11529248906235262
2016-07-03,0.12031927960222631
2016-07-04,0.10242574881368688
2016-07-05,0.11943720607592462
2016-07-06,0.1302257653297326
2016-07-07,0.1326694619817528
2016-07-08,0.12644435423689288
2016-07-09,0.1254143602354247
2016-07-10,0.11056902143119123
2016-07-11,0.12823001941557702
2016-07-12,0.125858950571889
2016-07-13,0.12601809693627092
2016-07-14,0.11572465033153535
2016-07-15,0.08303531220473039
2016-07-16,0.05828068252414641
2016-07-17,0.10109375825582215
2016-07-18,0.1313946351009162
2016-07-19,0.09575776912812743
2016-07-20,0.13722372534748176
2016-07-21,0.12209573449372131
2016-07-22,0.10009017611847218
2016-07-23,0.15923655487947455
2016-07-24,0.12228310408013274
2016-07-25,0.10499202295700155
2016-07-26,0.11277458131518511
2016-07-27,0.1699136052927943
2016-07-28,0.12277238523753142
2016-07-29,0.10431140191933563
2016-07-30,0.10573481960642751
2016-07-31,0.10792890299033313
2016-08-01,0.1422945354658696
2016-08-02,0.07726129428045196
2016-08-03,0.052946082308413966
2016-08-04,0.0599261218601229
2016-08-05,0.06174831130258817
2016-08-06,0.05314101310883725
2016-08-07,0.03648536790838335
2016-08-08,0.035871870610631795
2016-08-09,0.07344909507814058
2016-08-10,0.10499243916897591
2016-08-11,0.10030246258163229
2016-08-12,0.09185375604602868
2016-08-13,0.11261665806876127
2016-08-14,0.11341860317311601
2016-08-15,0.10716147186301606
2016-08-16,0.09159378786553132
2016-08-17,0.09724962244386662
2016-08-18,0.15028840288063477
2016-08-19,0.1339859173657455
2016-08-20,0.14849302887358254
2016-08-21,0.09722473228714133
2016-08-22,0.12538534397864748
2016-08-23,0.1517080429435099
2016-08-24,0.12714077709045515
2016-08-25,0.13450449888533322
2016-08-26,0.11560206594047678
2016-08-27,0.10519318874321892
2016-08-28,0.10585948511126188
2016-08-29,0.12169071862043794
2016-08-30,0.10440889158537581
2016-08-31,0.1348288885072562
2016-09-01,0.12661742993899866
2016-09-02,0.13938534045028927
2016-09-03,0.10018323528833892
2016-09-04,0.10890953513559587
2016-09-05,0.1391444646147218
2016-09-06,0.12057891184601235
2016-09-07,0.10921351713207854
2016-09-08,0.08784685865438627
2016-09-09,0.09857411252064253
2016-09-10,0.09300033113107885
2016-09-11,0.11908177162685071
2016-09-12,0.1240241036431665
2016-09-13,0.1241425063386361
2016-09-14,0.13302297516165892
2016-09-15,0.10271355791928377
2016-09-16,0.13549593929311118
2016-09-17,0.13201889428811858
2016-09-18,0.12477698225572996
2016-09-19,0.13107634634905774
2016-09-20,0.1290727192241091
2016-09-21,0.11329344406992063
2016-09-22,0.09346490169827197
2016-09-23,0.1037219302213493
2016-09-24,0.14051167631883896
2016-09-25,0.12397351676336871
2016-09-26,0.15810359108541402
2016-09-27,0.13991569282261265
2016-09-28,0.11622272742138513
2016-09-29,0.10991306781475393
2016-09-30,0.10991445890255748
2016-10-01,0.0961937976970784
2016-10-02,0.07355294677597483
2016-10-03,0.10616039142606434
2016-10-04,0.14020616823555698
2016-10-05,0.08790894227698041
2016-10-06,0.09272454673713158
2016-10-07,0.10142403239865239
2016-10-08,0.12385037106999142
2016-10-09,0.14170222604646004
2016-10-10,0.11229632570249734
2016-10-11,0.10401612362475782
2016-10-12,0.09838655263401298
2016-10-13,0.0914251030962458
2016-10-14,0.14071737056371406
2016-10-15,0.10603961605516828
2016-10-16,0.09007325722028861
2016-10-17,0.09778613606120178
2016-10-18,0.12369993612211884
2016-10-19,0.11478312859148079
2016-10-20,0.11406493513096791
2016-10-21,0.09542643087834404
2016-10-22,0.08778165528985504
2016-10-23,0.09283850403874622
2016-10-24,0.13147725789288187
2016-10-25,0.11863243512280067
2016-10-26,0.12102633139480413
2016-10-27,0.1336012114620383
2016-10-28,0.12939780980092694
2016-10-29,0.11720905734715842
2016-10-30,0.10394229536382175
2016-10-31,0.1262410320290603
2016-11-01,0.11326845366679866
2016-11-02,0.10862677116331386
2016-11-03,0.1157198440248586
2016-11-04,0.12418081064294954
2016-11-05,0.1388214482109615
2016-11-06,0.09144026350428289
2016-11-07,0.1110842812802624
2016-11-08,0.11524105943673657
2016-11-09,0.11092061615002403
2016-11-10,0.13067824874516087
2016-11-11,0.12013754086336396
2016-11-12,0.12008578519232584
2016-11-13,0.12034071453441783
2016-11-14,0.1100962680900028
2016-11-15,0.09909979638761261
2016-11-16,0.10209285974778627
2016-11-17,0.1081468057832538
2016-11-18,0.12466488648254276
2016-11-19,0.09403523850753992
2016-11-20,0.11747399513255162
2016-11-21,0.12564177326338566
2016-11-22,0.13188999788442488
2016-11-23,0.14159354146940323
2016-11-24,0.11860347360493634
2016-11-25,0.11702479026052665
2016-11-26,0.11719052535737126
2016-11-27,0.11580875557469672
2016-11-28,0.10932167126933258
2016-11-29,0.11026002366442661
2016-11-30,0.11320128202161134
2016-12-01,0.10544660247079081
2016-12-02,0.11878958409285631
2016-12-03,0.08693837282882919
2016-12-04,0.11468459091182806
2016-12-05,0.1012290657896926
2016-12-06,0.1264187126589143
2016-12-07,0.09309002640234917
2016-12-08,0.10874982047635717
2016-12-09,0.11337719387484425
2016-12-10,0.09937652048353852
2016-12-11,0.10292154792833841
2016-12-12,0.12696760274497704
2016-12-13,0.11981603127675454
2016-12-14,0.11626703285722939
2016-12-15,0.06856178815935322
2016-12-16,0.10537616927912313
2016-12-17,0.1128694124831055
2016-12-18,0.10520361775732222
2016-12-19,0.08410817943847611
2016-12-20,0.11699227236621129
2016-12-21,0.11668204998086577
2016-12-22,0.13041620172758114
2016-12-23,0.11336220942909728
2016-12-24,0.14432843122558658
2016-12-25,0.09693113214089491
2016-12-26,0.1571938076700523
2016-12-27,0.10588775190860333
2016-12-28,0.11181562528471739
2016-12-29,0.1199920386463838
2016-12-30,0.08703487788610023
2016-12-31,0.11058239334533825
2017-01-01,0.10315755480244435
2017-01-02,0.10783943860531812
2017-01-03,0.1275992460742461
2017-01-04,0.11724729206244892
2017-01-05,0.11043873124185011
2017-01-06,0.11694674610471496
2017-01-07,0.1168529313953122
2017-01-08,0.12517541538605628
2017-01-09,0.12437390966371306
2017-01-10,0.10567095101937042
2017-01-11,0.10109049454846528
2017-01-12,0.09989616159491553
2017-01-13,0.10903671516315375
2017-01-14,0.11614539780080799
2017-01-15,0.09921485336220107
2017-01-16,0.12747545745107078
2017-01-17,0.12328173612534342
2017-01-18,0.09816515065295267
2017-01-19,0.11755567813828058
2017-01-20,0.12596413810081783
2017-01-21,0.12328126463635244
2017-01-22,0.10828719017210059
2017-01-23,0.10125755386240196
2017-01-24,0.08521318996153986
2017-01-25,0.12362240086948129
2017-01-26,0.10608854278949294
2017-01-27,0.12597686386024773
2017-01-28,0.13413690978978962
2017-01-29,0.12437346317336204
2017-01-30,0.1005648626300906
2017-01-31,0.12345278998345391
2017-02-01,0.14883463734864946
2017-02-02,0.10990196139140564
2017-02-03,0.1183233269572367
2017-02-04,0.11367503323637733
2017-02-05,0.12391804193657328
2017-02-06,0.13890362624279112
2017-02-07,0.11562808222796146
2017-02-08,0.11534194060999904
2017-02-09,0.11788371052735402
2017-02-10,0.11735319667994323
2017-02-11,0.13521001828158344
2017-02-12,0.1525088629992662
2017-02-13,0.12338542213687723
2017-02-14,0.13119289084627994
2017-02-15,0.12143092795227967
2017-02-16,0.1190716003704011
2017-02-17,0.1195199484326837
2017-02-18,0.10496306010447484
2017-02-19,0.13165634646611
2017-02-20,0.10630762693787774
2017-02-21,0.10104936787660598
2017-02-22,0.1110196071067698
2017-02-23,0.12563992718887315
2017-02-24,0.11478943094575828
2017-02-25,0.09816944949486624
2017-02-26,0.12799569586195828
2017-02-27,0.11862092157282307
2017-02-28,0.1095824308580164
2017-03-01,0.13029136680180056
2017-03-02,0.11546590155552525
2017-03-03,0.11390423379421889
2017-03-04,0.1062208488040575
2017-03-05,0.11331613422541034
2017-03-06,0.11720548687198266
2017-03-07,0.09477450736901673
2017-03-08,0.10101423434826473
2017-03-09,0.1015381796993964
2017-03-10,0.11246743384701197
2017-03-11,0.08794317938837654
2017-03-12,0.10896134957722621
2017-03-13,0.1093664197236619
2017-03-14,0.09401834869005633
2017-03-15,0.10462182667597646
2017-03-16,0.1071478076489655
2017-03-17,0.11016629354926058
2017-03-18,0.10461515079652875
2017-03-19,0.08911014383824688
2017-03-20,0.07649058241260097
2017-03-21,0.09524482815023369
2017-03-22,0.10360554950779882
2017-03-23,0.11578999042313778
2017-03-24,0.0815347913704777
2017-03-25,0.09928135331464831
2017-03-26,0.10643461976995529
2017-03-27,0.11001275605550892
2017-03-28,0.12148032814757535
2017-03-29,0.10943446554825048
2017-03-30,0.11192948690585117
2017-03-31,0.12714172047887237
2017-04-01,0.10009795846471398
2017-04-02,0.09687038048604701
2017-04-03,0.10491960779304822
2017-04-04,0.13417140848847345
2017-04-05,0.13506702712497487
2017-04-06,0.09019661614004372
2017-04-07,0.10157639654984955
2017-04-08,0.12045686282119489
2017-04-09,0.13574346320759575
2017-04-10,0.116113729245639
2017-04-11,0.12405049192614855
2017-04-12,0.1272285399424546
2017-04-13,0.09984315647489914
2017-04-14,0.10537302911806987
2017-04-15,0.1035942823002273
2017-04-16,0.10467496035328144
2017-04-17,0.10958199332599612
2017-04-18,0.09590038397793206
2017-04-19,0.10099481652297612
2017-04-20,0.10073573856708619
2017-04-21,0.1111649042350042
2017-04-22,0.1275500053109374
2017-04-23,0.12772122599868183
2017-04-24,0.11309941995380766
2017-04-25,0.1245376603982336
2017-04-26,0.13087625242104656
2017-04-27,0.1052990957837596
2017-04-28,0.08709032760328803
2017-04-29,0.09733777457676264
2017-04-30,0.11723832710572073
2017-05-01,0.09547922827653885
2017-05-02,0.11826243457196682
2017-05-03,0.12384004324423434
2017-05-04,0.11387802172257483
2017-05-05,0.12754850503846646
2017-05-06,0.11446147759673123
2017-05-07,0.10907898428504349
2017-05-08,0.13079184607647665
2017-05-09,0.11317458733565065
2017-05-10,0.13263152014056992
2017-05-11,0.13056180355375116
2017-05-12,0.11762313967642542
2017-05-13,0.1114686894313468
2017-05-14,0.11565052487430383
2017-05-15,0.1156041923546811
2017-05-16,0.13289564262232462
2017-05-17,0.12856973820133827
2017-05-18,0.11488476404997276
2017-05-19,0.1210105983336944
2017-05-20,0.14986867924241726
2017-05-21,0.1306664342582994
2017-05-22,0.1333390857957247
2017-05-23,0.08775068714495432
2017-05-24,0.13375684758515477
2017-05-25,0.12158977419770049
2017-05-26,0.1261809402900958
2017-05-27,0.09434405026863257
2017-05-28,0.13267057347411604
2017-05-29,0.12697593058589038
2017-05-30,0.14617250582757313
2017-05-31,0.14920353249799245
2017-06-01,0.16024951445171318
2017-06-02,0.14484721886555568
2017-06-03,0.14216484257143597
2017-06-04,0.13163611867381125
2017-06-05,0.14369274503071056
2017-06-06,0.15257693554429128
2017-06-07,0.15598223152853768
2017-06-08,0.15276637957179348
2017-06-09,0.13711064944114243
2017-06-10,0.1441839701140305
2017-06-11,0.15285511411268887
2017-06-12,0.14979323114546783
2017-06-13,0.17266532351047478
2017-06-14,0.1330908660472838
2017-06-15,0.12490651244597134
2017-06-16,0.1428665394811535
2017-06-17,0.16623545400881481
2017-06-18,0.14953604936326065
2017-06-19,0.16990981746175132
2017-06-20,0.14995430614409902
2017-06-21,0.17080591151992108
2017-06-22,0.16474027607427758
2017-06-23,0.14833235232878667
2017-06-24,0.15237090735967218
2017-06-25,0.16563601960013094
2017-06-26,0.14077963143012115
2017-06-27,0.13114644113997573
2017-06-28,0.1349184286154484
2017-06-29,0.1666053948682817
2017-06-30,0.1332109492950893
2017-07-01,0.11954033801949097
2017-07-02,0.13801624838889592
2017-07-03,0.1349278578567997
2017-07-04,0.13493372029152192
2017-07-05,0.12782702580637118
2017-07-06,0.13295759206476565
2017-07-07,0.14828500956639953
2017-07-08,0.12888196938351137
2017-07-09,0.1383572266549672
2017-07-10,0.13194581097374447
2017-07-11,0.13673886199356458
2017-07-12,0.11391695094211667
2017-07-13,0.10405013675317949
2017-07-14,0.11020724856697563
2017-07-15,0.1142190311038705
2017-07-16,0.12008153003261154
2017-07-17,0.12412907177779754
2017-07-18,0.1223462676632114
2017-07-19,0.14076508996621537
2017-07-20,0.1329131007214105
2017-07-21,0.14302429664271935
2017-07-22,0.11356842661487342
2017-07-23,0.13653324077559953
2017-07-24,0.15119177734858055
2017-07-25,0.12612303271775024
2017-07-26,0.1181255559010839
2017-07-27,0.13098786857313482
2017-07-28,0.14292816077361017
2017-07-29,0.10272817529757643
2017-07-30,0.12974854700728072
2017-07-31,0.12319941148469059
2017-08-01,0.12334065830770691
2017-08-02,0.11497885527203097
2017-08-03,0.1307463042280816
2017-08-04,0.11865273887834825
2017-08-05,0.12608244244733033
2017-08-06,0.12796234288475603
2017-08-07,0.14231293711310353
2017-08-08,0.12974933307120756
2017-08-09,0.12920661170405104
2017-08-10,0.14253833254236428
2017-08-11,0.14632645622381465
2017-08-12,0.15144872933470807
2017-08-13,0.14700606919422682
2017-08-14,0.15673162782663838
2017-08-15,0.15404630102183942
2017-08-16,0.16955245436377167
2017-08-17,0.13504097133204115
2017-08-18,0.13146370193250406
2017-08-19,0.12117694379043986
2017-08-20,0.1371316991773678
2017-08-21,0.1524235138092082
2017-08-22,0.13451821115724244
2017-08-23,0.14254945593122317
2017-08-24,0.14610129776751832
2017-08-25,0.12587770838140852
2017-08-26,0.14834530055272982
2017-08-27,0.1421514084338712
2017-08-28,0.16908043057724736
2017-08-29,0.13962074610143121
2017-08-30,0.1653532182571638
2017-08-31,0.16414673027252358
2017-09-01,0.15945903470759723
2017-09-02,0.14079220409161353
2017-09-03,0.15378579835700998
2017-09-04,0.1300025957468153
2017-09-05,0.13292092065568215
2017-09-06,0.15246349714039303
2017-09-07,0.15442880463063452
2017-09-08,0.13573952713820836
2017-09-09,0.13083616582017363
2017-09-10,0.12486686830567213
2017-09-11,0.1415842581675001
2017-09-12,0.13224998208175284
2017-09-13,0.11193164273045389
2017-09-14,0.11093780920959886
2017-09-15,0.10066112171106203
2017-09-16,0.12004328984911605
2017-09-17,0.1274607347646541
2017-09-18,0.14367302625575185
2017-09-19,0.13743573004034604
2017-09-20,0.1319776622167912
2017-09-21,0.12477478361491456
2017-09-22,0.1328708488463178
2017-09-23,0.14143379977647053
2017-09-24,0.13095183435883045
2017-09-25,0.14996261396577606
2017-09-26,0.13817052384007417
2017-09-27,0.12794021388466245
2017-09-28,0.12817917267760662
2017-09-29,0.1380690935222452
2017-09-30,0.13400211919704458
2017-10-01,0.14367583653182497
2017-10-02,0.1613703508310031
2017-10-03,0.15758415237698736
2017-10-04,0.1927178369793894
2017-10-05,0.17679847233210988
2017-10-06,0.16297392283054377
2017-10-07,0.1601718978129273
2017-10-08,0.15110206649980965
2017-10-09,0.14832700218833786
2017-10-10,0.14687081185706305
2017-10-11,0.14787099678522217
2017-10-12,0.14543041875421445
2017-10-13,0.13669026317118307
2017-10-14,0.14112493745748014
2017-10-15,0.14268367997842094
2017-10-16,0.16835547435940798
2017-10-17,0.17668983278917977
2017-10-18,0.13465685159811203
2017-10-19,0.15739022794693314
2017-10-20,0.1420643078655064
2017-10-21,0.14774703448106427
2017-10-22,0.17140125867606706
2017-10-23,0.14323257781709553
2017-10-24,0.14548929921783194
2017-10-25,0.13293041813314363
2017-10-26,0.14035610689588948
2017-10-27,0.13031009906840188
2017-10-28,0.13830619381276513
2017-10-29,0.11972407254071288
2017-10-30,0.14776332587526983
2017-10-31,0.14528327331802438
2017-11-01,0.1535113693817063
2017-11-02,0.13554757410763635
2017-11-03,0.11492184909242793
2017-11-04,0.1165936088956476
2017-11-05,0.12246664508443698
2017-11-06,0.14347051297306332
2017-11-07,0.13424439722694362
2017-11-08,0.12300765837647205
2017-11-09,0.1476476318449122
2017-11-10,0.12505799379327706
2017-11-11,0.10916862822769267
2017-11-12,0.1103043156964366
2017-11-13,0.13440031819926646
2017-11-14,0.13604697175728026
2017-11-15,0.14330300296588425
2017-11-16,0.13676427865627044
2017-11-17,0.14409906879360482
2017-11-18,0.14474849877155394
2017-11-19,0.1452046093526475
2017-11-20,0.129965552073759
2017-11-21,0.12396078308271395
2017-11-22,0.1460696927655472
2017-11-23,0.15470682734402083
2017-11-24,0.14783824406792315
2017-11-25,0.15188094382578265
2017-11-26,0.14889840593970471
2017-11-27,0.13159115526515056
2017-11-28,0.13768896085505003
2017-11-29,0.134446351627775
2017-11-30,0.13280217437578978
2017-12-01,0.137404061912385
2017-12-02,0.1501031783460893
2017-12-03,0.14145407746683966
2017-12-04,0.15738224556853558
2017-12-05,0.14538217886012786
2017-12-06,0.14815565964335867
2017-12-07,0.13045998580470197
2017-12-08,0.13255135991034828
2017-12-09,0.13702932706446225
2017-12-10,0.13061713420371315
2017-12-11,0.1438816852249798
2017-12-12,0.16142142838561827
2017-12-13,0.16684294182894432
2017-12-14,0.16557172855702834
2017-12-15,0.1540738218035835
2017-12-16,0.1546337840164556
2017-12-17,0.15996258580458833
2017-12-18,0.1650813884367152
2017-12-19,0.15992772994233959
2017-12-20,0.1260315261368347
2017-12-21,0.15851452146455924
2017-12-22,0.11931957638663679
2017-12-23,0.1558517147658217
2017-12-24,0.14803094110972503
2017-12-25,0.179124704857858
2017-12-26,0.1813789374416531
2017-12-27,0.1878771241036393
2017-12-28,0.18369898269752094
2017-12-29,0.18945912597045375
2017-12-30,0.17413869523571526
2017-12-31,0.18922254254423193
2018-01-01,0.20843102072143302
2018-01-02,0.23159543479414063
2018-01-03,0.23691513095030636
2018-01-04,0.23353161476700474
2018-01-05,0.2247176105829078
2018-01-06,0.2311959956672521
2018-01-07,0.218394327070282
2018-01-08,0.20883393033104727
2018-01-09,0.21340347792490824
2018-01-10,0.2134141232716556
2018-01-11,0.1993963726826421
2018-01-12,0.20603402307088212
2018-01-13,0.2136811988177074
2018-01-14,0.19463686998660126
2018-01-15,0.19871293381464436
2018-01-16,0.14132846432372267
2018-01-17,0.10358207652767161
2018-01-18,0.14129983892881828
2018-01-19,0.1340095081628049
2018-01-20,0.18368448766285322
2018-01-21,0.16690270956713738
2018-01-22,0.16439969985925088
2018-01-23,0.16130673599829076
2018-01-24,0.16821769912477721
2018-01-25,0.17700264600093013
2018-01-26,0.1569871451165017
2018-01-27,0.1804064470107254
2018-01-28,0.18017042782108655
2018-01-29,0.179642950946112
2018-01-30,0.14754481505369102
2018-01-31,0.15109111824825902
2018-02-01,0.12933908325210478
2018-02-02,0.11454604458591086
2018-02-03,0.12556322733020647
2018-02-04,0.10906196965475644
2018-02-05,0.07948072163466552
2018-02-06,0.08074572327476769
2018-02-07,0.12414425460757654
2018-02-08,0.13484755998591613
2018-02-09,0.14706725900047007
2018-02-10,0.1320847208351832
2018-02-11,0.1283464576530489
2018-02-12,0.14585914012265466
2018-02-13,0.13765635658049685
2018-02-14,0.1450722514336012
2018-02-15,0.15280162155084578
2018-02-16,0.17472941413186183
2018-02-17,0.17066399086722028
2018-02-18,0.1303425086571904
2018-02-19,0.15699670759790352
2018-02-20,0.14998672220703108
2018-02-21,0.14785706312589944
2018-02-22,0.1362845518661956
2018-02-23,0.14968558257076614
2018-02-24,0.15791125111126922
2018-02-25,0.14430648060058096
2018-02-26,0.1618831059019415
2018-02-27,0.1551485885560732
2018-02-28,0.1259150020568407
2018-03-01,0.13345662094680025
2018-03-02,0.15699985003907835
2018-03-03,0.1498064438099101
2018-03-04,0.14659683297480414
2018-03-05,0.15724464121260656
2018-03-06,0.15344472625000632
2018-03-07,0.1210218721727154
2018-03-08,0.10909174370573921
2018-03-09,0.10940309477229412
2018-03-10,0.12852508144009225
2018-03-11,0.12041143932323192
2018-03-12,0.13428040836432859
2018-03-13,0.1391560780239539
2018-03-14,0.11316409078827314
2018-03-15,0.10661273240738325
2018-03-16,0.12133058129924308
2018-03-17,0.09950545097141808
2018-03-18,0.10335760293811828
2018-03-19,0.1236077699057206
2018-03-20,0.10376267552150692
2018-03-21,0.09742853266811605
2018-03-22,0.08059500816340066
2018-03-23,0.07839359429503395
2018-03-24,0.09086888177564378
2018-03-25,0.10961230954088064
2018-03-26,0.08486774489374367
2018-03-27,0.040745672548596644
2018-03-28,0.09318204705211444
2018-03-29,0.05607441461018444
2018-03-30,0.05673704661847116
2018-03-31,0.05522247703708034
2018-04-01,0.07927869000922369
2018-04-02,0.11956630647712552
2018-04-03,0.11344514287055489
2018-04-04,0.10027195406856745
2018-04-05,0.1039646196194435
2018-04-06,0.12383669744143161
2018-04-07,0.11101863841207754
2018-04-08,0.10700746813968207
2018-04-09,0.11022877908121026
2018-04-10,0.1260084952708599
2018-04-11,0.13490197903267157
2018-04-12,0.11473687877882272
2018-04-13,0.13652382942197297
2018-04-14,0.11524453908383925
2018-04-15,0.12118156401678977
2018-04-16,0.12141963436045776
2018-04-17,0.1372382416537201
2018-04-18,0.16181091567031128
2018-04-19,0.15837559182371064
2018-04-20,0.17449146783287592
2018-04-21,0.14895034766816742
2018-04-22,0.15201685668366505
2018-04-23,0.16200533976280898
2018-04-24,0.1563482499546667
2018-04-25,0.12826024645379994
2018-04-26,0.1369231792329254
2018-04-27,0.14313341507334304
2018-04-28,0.15020950557659576
2018-04-29,0.17286398931263924
2018-04-30,0.1808840299646806
2018-05-01,0.1623560259402122
2018-05-02,0.15737622841103546
2018-05-03,0.18131444799573132
2018-05-04,0.16685086576016153
2018-05-05,0.13611702159749778
2018-05-06,0.12892069741651385
2018-05-07,0.1284138309083647
2018-05-08,0.15903818996758917
2018-05-09,0.14716992692279193
2018-05-10,0.16159168488456196
2018-05-11,0.14539153829494786
2018-05-12,0.13551617348788583
2018-05-13,0.1351872388009812
2018-05-14,0.13986369818729177
2018-05-15,0.15244753647778825
2018-05-16,0.14514144708524532
2018-05-17,0.1444492496140856
2018-05-18,0.13210532071690856
2018-05-19,0.12811156392667747
2018-05-20,0.1498772893820371
2018-05-21,0.14917425905617945
2018-05-22,0.12761453501290157
2018-05-23,0.10740417187757033
2018-05-24,0.11176531755483383
2018-05-25,0.12121758503563061
2018-05-26,0.11643912526014866
2018-05-27,0.11120685603459521
2018-05-28,0.11170116342610166
2018-05-29,0.13448542493859716
2018-05-30,0.12569519128383838
2018-05-31,0.15992794145782122
2018-06-01,0.1550981714544374
2018-06-02,0.12904721911821054
2018-06-03,0.15253696066014769
2018-06-04,0.15162915225303764
2018-06-05,0.14700053441562685
2018-06-06,0.14814704337323545
2018-06-07,0.15709746214184722
2018-06-08,0.15187701783436056
2018-06-09,0.12812682246528914
2018-06-10,0.09310312074671573
2018-06-11,0.09005605134092169
2018-06-12,0.12126750531392172
2018-06-13,0.09400284697694039
2018-06-14,0.10883428095440155
2018-06-15,0.11660282061516968
2018-06-16,0.1084465320409059
2018-06-17,0.13626745981107855
2018-06-18,0.11472563731046148
2018-06-19,0.11938205010733563
2018-06-20,0.10658079417270398
2018-06-21,0.13181125574291283
2018-06-22,0.09892806524816082
2018-06-23,0.08609196410665497
2018-06-24,0.06865212927302436
2018-06-25,0.10162580483714063
2018-06-26,0.1224650801439949
2018-06-27,0.13713635265463664
2018-06-28,0.10868092841616603
2018-06-29,0.0705427379780818
2018-06-30,0.10303038595803495
2018-07-01,0.11392274047704336
2018-07-02,0.13174931892647546
2018-07-03,0.1297694610778746
2018-07-04,0.1339843672921898
2018-07-05,0.12382388893719229
2018-07-06,0.12569668600495795
2018-07-07,0.1275023696635365
2018-07-08,0.10908361353419072
2018-07-09,0.13583328306176615
2018-07-10,0.11628844549191403
2018-07-11,0.11649730829894628
2018-07-12,0.0903734349509097
2018-07-13,0.12478495293584761
2018-07-14,0.11307549159640816
2018-07-15,0.10361475301623775
2018-07-16,0.1373151959405132
2018-07-17,0.1389516528543653
2018-07-18,0.12792327688729369
2018-07-19,0.12101209395098947
2018-07-20,0.11757348233965394
2018-07-21,0.10416866279807364
2018-07-22,0.11623379306223366
2018-07-23,0.12853964794090147
2018-07-24,0.12217652967624659
2018-07-25,0.13098827709651606
2018-07-26,0.13775642306883837
2018-07-27,0.1140453802179871
2018-07-28,0.10408747461716637
2018-07-29,0.12585607161809223
2018-07-30,0.11777817906418805
2018-07-31,0.1083930495951628
2018-08-01,0.10796179360637366
2018-08-02,0.1093861776464589
2018-08-03,0.12056545220381651
2018-08-04,0.10757742152054682
2018-08-05,0.11747267651762532
2018-08-06,0.1115659454970631
2018-08-07,0.1095821705316596
2018-08-08,0.08655956417310855
2018-08-09,0.10670210912876413
2018-08-10,0.1155623666847758
2018-08-11,0.07620491560871284
2018-08-12,0.1008940525397458
2018-08-13,0.08794866265180468
2018-08-14,0.07931052896038517
2018-08-15,0.10311360619938224
2018-08-16,0.11378767939459725
2018-08-17,0.13405852225028167
2018-08-18,0.11098243128643435
2018-08-19,0.10540006735590297
2018-08-20,0.10415368011809989
2018-08-21,0.10774337130023
2018-08-22,0.08780556731873634
2018-08-23,0.10791765347143696
2018-08-24,0.12636621263597603
2018-08-25,0.12905408679922498
2018-08-26,0.10301791512853871
2018-08-27,0.12910138270918478
2018-08-28,0.12781440731318094
2018-08-29,0.11260795609313637
2018-08-30,0.10532654978112371
2018-08-31,0.1151687948901138
2018-09-01,0.12734789348134873
2018-09-02,0.11749855812693358
2018-09-03,0.11565500568689532
2018-09-04,0.14208368239245603
2018-09-05,0.11727652049660241
2018-09-06,0.0821408383176267
2018-09-07,0.10792523336536325
2018-09-08,0.09870055732458743
2018-09-09,0.09246249787484712
2018-09-10,0.10278275122451075
2018-09-11,0.1062934640926648
2018-09-12,0.11059931587270051
2018-09-13,0.11654314594360873
2018-09-14,0.1081716242346934
2018-09-15,0.12437732842820104
2018-09-16,0.10804429669804863
2018-09-17,0.10027979729949275
2018-09-18,0.12262336220811786
2018-09-19,0.12616424018680347
2018-09-20,0.13749790425964956
2018-09-21,0.14235745150897772
2018-09-22,0.10921960753125014
2018-09-23,0.11646887517230681
2018-09-24,0.1148785325871745
2018-09-25,0.13249012222191542
2018-09-26,0.1458667276609137
2018-09-27,0.13089168143531713
2018-09-28,0.14283179161865747
2018-09-29,0.12785903226097867
2018-09-30,0.13186967652097853
2018-10-01,0.13473392762474073
2018-10-02,0.14062084555505908
2018-10-03,0.13697706025552683
2018-10-04,0.13343128515826433
2018-10-05,0.11067830892801425
2018-10-06,0.11342982469525954
2018-10-07,0.13006068005780494
2018-10-08,0.14400047553451628
2018-10-09,0.1290425344037625
2018-10-10,0.11377021111385989
2018-10-11,0.08232624848002287
2018-10-12,0.10167452859224017
2018-10-13,0.07138907844605122
2018-10-14,0.09220298278389683
2018-10-15,0.05576894945620969
2018-10-16,0.10969260455676129
2018-10-17,0.11867901740196984
2018-10-18,0.13649748648016144
2018-10-19,0.14161770159601433
2018-10-20,0.13800914540546771
2018-10-21,0.11135335658153356
2018-10-22,0.15089075099674498
2018-10-23,0.1358153167815319
2018-10-24,0.12648306498981607
2018-10-25,0.13254045436628772
2018-10-26,0.13921695198622244
2018-10-27,0.1147470570870828
2018-10-28,0.12009104398714701
2018-10-29,0.10209118557126337
2018-10-30,0.09632587038130944
2018-10-31,0.12935221921705284
2018-11-01,0.11207142924415203
2018-11-02,0.13915075784190714
2018-11-03,0.11576378579275012
2018-11-04,0.10575316744097966
2018-11-05,0.13554249397165402
2018-11-06,0.11648790366690615
2018-11-07,0.12623445631233213
2018-11-08,0.10016870581662721
2018-11-09,0.09847962097030327
2018-11-10,0.12441672820865461
2018-11-11,0.12794834484329412
2018-11-12,0.10414013290682782
2018-11-13,0.09004587137115834
2018-11-14,0.06945541022346291
2018-11-15,0.06858197082717177
2018-11-16,0.0833913207139936
2018-11-17,0.07998746392906028
2018-11-18,0.10184801768841853
2018-11-19,0.05580952723128688
2018-11-20,0.05569531826165237
2018-11-21,0.06790232803765221
2018-11-22,0.07871240131047971
2018-11-23,0.07388705325689353
2018-11-24,0.057517364678766336
2018-11-25,0.04289831939081195
2018-11-26,0.09220344974757226
2018-11-27,0.09362808384386667
2018-11-28,0.11425738422781294
2018-11-29,0.10557403401153596
2018-11-30,0.08947642876097166
2018-12-01,0.09541003300044251
2018-12-02,0.11697981486910491
2018-12-03,0.10694331741446175
2018-12-04,0.09692360390155204
2018-12-05,0.09935509710137697
2018-12-06,0.09864364410150109
2018-12-07,0.05913814220875874
2018-12-08,0.08413164663552043
2018-12-09,0.11657463358651185
2018-12-10,0.08769510493563903
2018-12-11,0.10432250986494311
2018-12-12,0.10256424253755701
2018-12-13,0.09932680898600126
2018-12-14,0.09340674626331753
2018-12-15,0.06517582783090775
2018-12-16,0.08661969519240245
2018-12-17,0.09818133446801715
2018-12-18,0.07934765265432088
2018-12-19,0.11174004738277275
2018-12-20,0.12084315497130432
2018-12-21,0.13917871676765753
2018-12-22,0.13614047714717278
2018-12-23,0.1223726970032414
2018-12-24,0.12466686367648047
2018-12-25,0.12391497751115489
2018-12-26,0.1444816786368785
2018-12-27,0.1149926943614325
2018-12-28,0.11818008080940956
2018-12-29,0.1192960228685251
2018-12-30,0.11119616899773871
2018-12-31,0.09557021493478343
2019-01-01,0.12382407394407423
2019-01-02,0.14761447808400763
2019-01-03,0.11563386847703126
2019-01-04,0.12894076243166838
2019-01-05,0.09800095932750087
2019-01-06,0.12729714300288758
2019-01-07,0.1390293786553651
2019-01-08,0.11041279083232292
2019-01-09,0.10758235364321467
2019-01-10,0.10316865123315247
2019-01-11,0.09992488773376329
2019-01-12,0.10690562655630176
2019-01-13,0.11288695083270794
2019-01-14,0.09652337598577955
2019-01-15,0.10728371951335619
2019-01-16,0.1190116161329301
2019-01-17,0.11384254299030604
2019-01-18,0.10595427378978796
2019-01-19,0.1266072412299628
2019-01-20,0.11669642366866001
2019-01-21,0.10753711806537605
2019-01-22,0.12631288638521118
2019-01-23,0.10902209080760755
2019-01-24,0.12228123967290415
2019-01-25,0.11877168478461336
2019-01-26,0.10644068763007013
2019-01-27,0.12623585676946697
2019-01-28,0.09641165638972791
2019-01-29,0.09369698752930042
2019-01-30,0.1246083158125061
2019-01-31,0.12385904877951909
2019-02-01,0.11061012963176145
2019-02-02,0.09971977314449898
2019-02-03,0.09374206401730874
2019-02-04,0.09233679580324183
2019-02-05,0.088378263662413
2019-02-06,0.10924528834224682
2019-02-07,0.10185069065825772
2019-02-08,0.12469878065724889
2019-02-09,0.09971088089647172
2019-02-10,0.10731649516715228
2019-02-11,0.11153927877272453
2019-02-12,0.10696152317337829
2019-02-13,0.09693430292595417
2019-02-14,0.08620610790321288
2019-02-15,0.11235499556695698
2019-02-16,0.11175604465526645
2019-02-17,0.10722674192365049
2019-02-18,0.119387058145029
2019-02-19,0.13650115245617686
2019-02-20,0.13092980129021392
2019-02-21,0.12601294267640728
2019-02-22,0.12086705359232175
2019-02-23,0.12517065370083982
2019-02-24,0.11236309801468357
2019-02-25,0.13995297459518843
2019-02-26,0.1519121322652346
2019-02-27,0.12580830764170392
2019-02-28,0.1287561762977376
2019-03-01,0.1347995210064026
2019-03-02,0.14416468992737944
2019-03-03,0.1391731837714207
2019-03-04,0.14052536759622292
2019-03-05,0.1337385384750672
2019-03-06,0.15001092649355413
2019-03-07,0.1201978969366773
2019-03-08,0.17222310423002468
2019-03-09,0.1349368817998701
2019-03-10,0.12510006369478624
2019-03-11,0.13097187131389137
2019-03-12,0.12471613014301734
2019-03-13,0.11582299701375214
2019-03-14,0.10055217912805617
2019-03-15,0.1063471909048881
2019-03-16,0.12552667957214714
2019-03-17,0.10371164088895926
2019-03-18,0.1407858705301146
2019-03-19,0.12625479868700298
2019-03-20,0.1436172258416352
2019-03-21,0.13533630383149284
2019-03-22,0.12541193465262704
2019-03-23,0.12053236687178218
2019-03-24,0.10318988764727201
2019-03-25,0.10888381358962575
2019-03-26,0.1275649261988127
2019-03-27,0.1307715984276371
2019-03-28,0.13849571924735113
2019-03-29,0.11755777134379505
2019-03-30,0.10567229210594319
2019-03-31,0.12771651254073918
2019-04-01,0.14293864680764526
2019-04-02,0.11841109094991766
2019-04-03,0.11811007146949815
2019-04-04,0.12407836553404279
2019-04-05,0.12703022335686837
2019-04-06,0.13105104277606588
2019-04-07,0.11486035338059178
2019-04-08,0.12409670161933775
2019-04-09,0.13444748202795304
2019-04-10,0.11905763756232374
2019-04-11,0.09904292470921007
2019-04-12,0.09218889341011806
2019-04-13,0.09428636031372128
2019-04-14,0.10195620169198848
2019-04-15,0.07825870090555968
2019-04-16,0.07552882541595837
2019-04-17,0.09707569749204288
2019-04-18,0.14023373579586249
2019-04-19,0.12223110353377768
2019-04-20,0.10890855155850689
2019-04-21,0.10274246341345282
2019-04-22,0.12520925364096283
2019-04-23,0.12923151889510123
2019-04-24,0.13925830596028466
2019-04-25,0.10822012220430641
2019-04-26,0.06461125225329334
2019-04-27,0.08636268077698606
2019-04-28,0.1173349333303156
2019-04-29,0.10394588536851682
2019-04-30,0.11398047284426742
2019-05-01,0.06302157972670673
2019-05-02,0.10634614751039002
2019-05-03,0.0978495359741731
2019-05-04,0.09751517432756295
2019-05-05,0.10771721661048002
2019-05-06,0.1072546224550136
2019-05-07,0.10668813553817999
2019-05-08,0.10074553003620752
2019-05-09,0.10936432299076514
2019-05-10,0.11408850513593738
2019-05-11,0.12414162124098385
2019-05-12,0.11046879948033679
2019-05-13,0.13742730209099854
2019-05-14,0.13117869868222176
2019-05-15,0.1605389023368785
2019-05-16,0.14251492656168283
2019-05-17,0.10823631675143974
2019-05-18,0.11450194378863576
2019-05-19,0.11788199468921953
2019-05-20,0.11799493641921736
2019-05-21,0.11356111083735601
2019-05-22,0.09707993080413958
2019-05-23,0.12047304376424837
2019-05-24,0.11991485686150508
2019-05-25,0.1197232658626084
2019-05-26,0.138476591221857
2019-05-27,0.12084397776183463
2019-05-28,0.15703200588055963
2019-05-29,0.1557520066157108
2019-05-30,0.1367235028277992
2019-05-31,0.12668916015170734
2019-06-01,0.12226584032368933
2019-06-02,0.13250469424666825
2019-06-03,0.12242237668590894
2019-06-04,0.0945791439462693
2019-06-05,0.1354262463385499
2019-06-06,0.11389580447052106
2019-06-07,0.11240313591554811
2019-06-08,0.12209004573964015
2019-06-09,0.11243579659184597
2019-06-10,0.12444474121055961
2019-06-11,0.1334830571506439
2019-06-12,0.15822630582655026
2019-06-13,0.16242124779615508
2019-06-14,0.15284166704823363
2019-06-15,0.14811036018975227
2019-06-16,0.13782894620727953
2019-06-17,0.1327441619649264
2019-06-18,0.12513374441336075
2019-06-19,0.13379848706367717
2019-06-20,0.13359431283765735
2019-06-21,0.12578695224301553
2019-06-22,0.12816398908334564
2019-06-23,0.13947046522750306
2019-06-24,0.12601937734481827
2019-06-25,0.1538027611954945
2019-06-26,0.13781915833808617
2019-06-27,0.11202424197522563
2019-06-28,0.13764179977066235
2019-06-29,0.14820196299948607
2019-06-30,0.14215028626822976
2019-07-01,0.12733520672152715
2019-07-02,0.13419455084920026
2019-07-03,0.13023356875858969
2019-07-04,0.12739234340154798
2019-07-05,0.14114291195264347
2019-07-06,0.14268645993787335
2019-07-07,0.11684704580782385
2019-07-08,0.1269275421173276
2019-07-09,0.11256154067556227
2019-07-10,0.10317928828871187
2019-07-11,0.11811899950756832
2019-07-12,0.09232719752298088
2019-07-13,0.09199764395265221
2019-07-14,0.09087917364096462
2019-07-15,0.10428965317789332
2019-07-16,0.10500186792977051
2019-07-17,0.10562666034464217
2019-07-18,0.10271118017852365
2019-07-19,0.12122070710392427
2019-07-20,0.13237764323264897
2019-07-21,0.1077740779736454
2019-07-22,0.11096560347360393
2019-07-23,0.11100218658255483
2019-07-24,0.10513991757017065
2019-07-25,0.1175184502320567
2019-07-26,0.11938163707903694
2019-07-27,0.12030711343201052
2019-07-28,0.09600900170933663
2019-07-29,0.10376101849498462
2019-07-30,0.12357915320010007
2019-07-31,0.10935091382792478
2019-08-01,0.09472485202404222
2019-08-02,0.0964781633916943
2019-08-03,0.07325233921936466
2019-08-04,0.12359520276264314
2019-08-05,0.13701352984422507
2019-08-06,0.10569011187100044
2019-08-07,0.10650934616384992
2019-08-08,0.11747341478165095
2019-08-09,0.12449397987727284
2019-08-10,0.1121571337924969
2019-08-11,0.10254871755904968
2019-08-12,0.10456450904918026
2019-08-13,0.11083263006066586
2019-08-14,0.10395060174155216
2019-08-15,0.09858432020649212
2019-08-16,0.1333388215799705
2019-08-17,0.11455791620975429
2019-08-18,0.09517513352392627
2019-08-19,0.08374865827243759
2019-08-20,0.10024248382262271
2019-08-21,0.12055655597156835
2019-08-22,0.09953571888971341
2019-08-23,0.10163889351719485
2019-08-24,0.1035491010396675
2019-08-25,0.113867035404797
2019-08-26,0.10908895357236865
2019-08-27,0.11990994022813178
2019-08-28,0.08081835409600484
2019-08-29,0.10393480088459059
2019-08-30,0.130892357243202
2019-08-31,0.09979053472924447
2019-09-01,0.09913563722518308
2019-09-02,0.10932672664491391
2019-09-03,0.12067281239694963
2019-09-04,0.11799233630941171
2019-09-05,0.13761255625802965
2019-09-06,0.11412438964535764
2019-09-07,0.11304600924996142
2019-09-08,0.11521225110900414
2019-09-09,0.1160359953499907
2019-09-10,0.11314448734416795
2019-09-11,0.09822609230768939
2019-09-12,0.08831267549584343
2019-09-13,0.09106851768173856
2019-09-14,0.104148799897384
2019-09-15,0.10660029854074178
2019-09-16,0.10695096752849663
2019-09-17,0.10812846537944575
2019-09-18,0.10730684576126373
2019-09-19,0.08425161068724542
2019-09-20,0.11297857893244892
2019-09-21,0.13588872110443817
2019-09-22,0.12473735540936262
2019-09-23,0.09716001793181678
2019-09-24,0.083440446587322
2019-09-25,0.08636965363370146
2019-09-26,0.07898164237695963
2019-09-27,0.09953049539589799
2019-09-28,0.09574039026381383
2019-09-29,0.11084357040485274
2019-09-30,0.11130014924647749
2019-10-01,0.11770611769876982
2019-10-02,0.1135762180003165
2019-10-03,0.12969873587380662
2019-10-04,0.12893951091715405
2019-10-05,0.09685476456060464
2019-10-06,0.12019972291420218
2019-10-07,0.09865046094692503
2019-10-08,0.11296673271086098
2019-10-09,0.09618854579765453
2019-10-10,0.10698121067689684
2019-10-11,0.10984893561853022
2019-10-12,0.08702760448200485
2019-10-13,0.10841076497744137
2019-10-14,0.11176550715099642
2019-10-15,0.12434208023227115
2019-10-16,0.09757770213244632
2019-10-17,0.10735085241344818
2019-10-18,0.0990177400655155
2019-10-19,0.10154686662460434
2019-10-20,0.12767092446091952
2019-10-21,0.10414186479864963
2019-10-22,0.09608040623715151
2019-10-23,0.08051416847931295
2019-10-24,0.09373256668052005
2019-10-25,0.1062962611239359
2019-10-26,0.09335080713422654
2019-10-27,0.10206296115166154
2019-10-28,0.09818582053446491
2019-10-29,0.09886258653119605
2019-10-30,0.10419482786371559
2019-10-31,0.10784818097626235
2019-11-01,0.11566383930130623
2019-11-02,0.12058217187934911
2019-11-03,0.12737735935434522
2019-11-04,0.11450954183778146
2019-11-05,0.11435772302056794
2019-11-06,0.12241377597475603
2019-11-07,0.09436006144050699
2019-11-08,0.08978204296826711
2019-11-09,0.09308156122356227
2019-11-10,0.11099269552820111
2019-11-11,0.10084875763940297
2019-11-12,0.1105852764729172
2019-11-13,0.13494217998704125
2019-11-14,0.10647201687013866
2019-11-15,0.12204823780116353
2019-11-16,0.09365825441295268
2019-11-17,0.11070995516578488
2019-11-18,0.1085473384823836
2019-11-19,0.09606551856509792
2019-11-20,0.10388746319083446
2019-11-21,0.08992757397279931
2019-11-22,0.08378111976895489
2019-11-23,0.11630178769025301
2019-11-24,0.10032866482717746
2019-11-25,0.1043097705144987
2019-11-26,0.10750471767453323
2019-11-27,0.10282245501338536
2019-11-28,0.10893270520205427
2019-11-29,0.10282179102711973
2019-11-30,0.14312460447146527
2019-12-01,0.10748142077283897
2019-12-02,0.09352199047027825
2019-12-03,0.1207011406286721
2019-12-04,0.0998310095543609
2019-12-05,0.10049501023542907
2019-12-06,0.10591695088150097
2019-12-07,0.10482658553668173
2019-12-08,0.09738036496991233
2019-12-09,0.09691225115465597
2019-12-10,0.09387009664075277
2019-12-11,0.10265807944711462
2019-12-12,0.09455937583942425
2019-12-13,0.10379496813074407
2019-12-14,0.08567930534555551
2019-12-15,0.0859714913647943
2019-12-16,0.06398361617423404
2019-12-17,0.07015026409464893
2019-12-18,0.08194441235440011
2019-12-19,0.1100023057898834
2019-12-20,0.10935194152023632
2019-12-21,0.12882495806032665
2019-12-22,0.10199279136326173
2019-12-23,0.11651659761961708
2019-12-24,0.09129547260526032
2019-12-25,0.11096645744133474
2019-12-26,0.09472698957223805
2019-12-27,0.13374271060963808
2019-12-28,0.12272694435053311
2019-12-29,0.10627109122773827
2019-12-30,0.12562617344837743
2019-12-31,0.12050916945322579
2020-01-01,0.1080935217902427
2020-01-02,0.11216820365091977
2020-01-03,0.089315040258136
2020-01-04,0.06646578312871791
2020-01-05,0.09475721774553404
2020-01-06,0.12449762519658368
2020-01-07,0.10634049028649241
2020-01-08,0.1130002844992476
2020-01-09,0.12028053590696051
2020-01-10,0.10487491999328774
2020-01-11,0.10045990436483207
2020-01-12,0.10839952827593921
2020-01-13,0.08025114436725918
2020-01-14,0.07513384263255017
2020-01-15,0.08595963356824232
2020-01-16,0.12515058397311746
2020-01-17,0.11917548809430314
2020-01-18,0.1088068221391817
2020-01-19,0.1147836882557404
2020-01-20,0.10991975939127904
2020-01-21,0.08867636209715665
2020-01-22,0.1141130452275288
2020-01-23,0.10449459155872864
2020-01-24,0.10294169050791985
2020-01-25,0.10735123693892817
2020-01-26,0.12045532915389073
2020-01-27,0.103887245846019
2020-01-28,0.13259217129454437
2020-01-29,0.12937753733804802
2020-01-30,0.10944896888571679
2020-01-31,0.10807581629044441
2020-02-01,0.1254269467837417
2020-02-02,0.13314922180831765
2020-02-03,0.14894546604518813
2020-02-04,0.12670149964295266
2020-02-05,0.13193047364181168
2020-02-06,0.12505798296324735
2020-02-07,0.1482657938038194
2020-02-08,0.11884007377786279
2020-02-09,0.14392352060332286
2020-02-10,0.10900675647882443
2020-02-11,0.13129283817417586
2020-02-12,0.13179496190739506
2020-02-13,0.09915992391774582
2020-02-14,0.12509737170729027
2020-02-15,0.11030757452273629
2020-02-16,0.11315578236434604
2020-02-17,0.11783646645025898
2020-02-18,0.11766552359363248
2020-02-19,0.1235755010656427
2020-02-20,0.10857788519666488
2020-02-21,0.11160529958176842
2020-02-22,0.09889002669143662
2020-02-23,0.09609719897893851
2020-02-24,0.10016280926486834
2020-02-25,0.10802818449374146
2020-02-26,0.09896107179025741
2020-02-27,0.10538818502825431
2020-02-28,0.08757071422696149
2020-02-29,0.09138907711527752
2020-03-01,0.12392886066983069
2020-03-02,0.12473916058831017
2020-03-03,0.12614163493886243
2020-03-04,0.12689733727847916
2020-03-05,0.12244562766318084
2020-03-06,0.08154556182008617
2020-03-07,0.103870503738981
2020-03-08,0.08676362748828817
2020-03-09,0.07193227294649288
2020-03-10,0.07045224328672592
2020-03-11,0.09862129706371484
2020-03-12,0.05123864350143902
2020-03-13,0.06345325962852004
2020-03-14,0.06326033085687437
2020-03-15,0.06471442665904856
2020-03-16,0.03716955876733897
2020-03-17,0.06526745631011788
2020-03-18,0.06969295695953244
2020-03-19,0.0672936854473867
2020-03-20,0.09243205127357182
2020-03-21,0.08784001533775197
2020-03-22,0.06450631766254165
2020-03-23,0.0656278083347384
2020-03-24,0.05172047261662392
2020-03-25,0.06632024212258024
2020-03-26,0.068435727223424
2020-03-27,0.058082448615060275
2020-03-28,0.06121593895314147
2020-03-29,0.07077029837219781
2020-03-30,0.09572747377527784
2020-03-31,0.07882334487592242
2020-04-01,0.06786916361430427
2020-04-02,0.10637716744482711
2020-04-03,0.10272458486586145
2020-04-04,0.11650482248327762
2020-04-05,0.08954868183587687
2020-04-06,0.10587380094600528
2020-04-07,0.09800924247565328
2020-04-08,0.09629991714237106
2020-04-09,0.10044906782957201
2020-04-10,0.08371441739797912
2020-04-11,0.08898304705346018
2020-04-12,0.10384573945380651
2020-04-13,0.11763227075554793
2020-04-14,0.1341245825546083
2020-04-15,0.08579698037831253
2020-04-16,0.09009031261768925
2020-04-17,0.09604658045535916
2020-04-18,0.12264048338802308
2020-04-19,0.0962872355298522
2020-04-20,0.07677234424863576
2020-04-21,0.07981561666737239
2020-04-22,0.08283296341470123
2020-04-23,0.12145802389054902
2020-04-24,0.11573304142556019
2020-04-25,0.10422705715591887
2020-04-26,0.11502926725017505
2020-04-27,0.12633239877699087
2020-04-28,0.10592097654196438
2020-04-29,0.10629208043542923
2020-04-30,0.11955063137735185
2020-05-01,0.1175673070676011
2020-05-02,0.11180432800692142
2020-05-03,0.1010976136115995
2020-05-04,0.0989966821210435
2020-05-05,0.11743918365352692
2020-05-06,0.11253402123695852
2020-05-07,0.12861801716870697
2020-05-08,0.1315679136058018
2020-05-09,0.11559913208940384
2020-05-10,0.08878015766951725
2020-05-11,0.13770600255843604
2020-05-12,0.10542681030941056
2020-05-13,0.11949361805450769
2020-05-14,0.1500330707337924
2020-05-15,0.1333253994266662
2020-05-16,0.11721670356612376
2020-05-17,0.14028362212034584
2020-05-18,0.110075264437231
2020-05-19,0.14352773469616753
2020-05-20,0.13329695962926244
2020-05-21,0.12534405843544133
2020-05-22,0.12252190721745194
2020-05-23,0.12705778990871627
2020-05-24,0.1386372208464081
2020-05-25,0.11134476361142492
2020-05-26,0.1358037535414748
2020-05-27,0.12158116778104376
2020-05-28,0.1344410452005639
2020-05-29,0.13321561596404324
2020-05-30,0.1463406881949533
2020-05-31,0.1341343862667104
2020-06-01,0.12301255891194508
2020-06-02,0.11796345548642001
2020-06-03,0.10779215165241815
2020-06-04,0.1113335293120254
2020-06-05,0.1229876628214695
2020-06-06,0.15189884267143883
2020-06-07,0.13165258382302938
2020-06-08,0.1509714550627219
2020-06-09,0.12325985737850778
2020-06-10,0.11844965756490361
2020-06-11,0.1162018429798835
2020-06-12,0.1113313461025036
2020-06-13,0.09818454728980874
2020-06-14,0.14111151528079016
2020-06-15,0.1298633599160183
2020-06-16,0.11779117890427356
2020-06-17,0.1377275561820464
2020-06-18,0.12703908103076927
2020-06-19,0.10661943377687183
2020-06-20,0.08468702231759143
2020-06-21,0.1148837763470954
2020-06-22,0.12041320288875229
2020-06-23,0.13092585007901653
2020-06-24,0.11102016272704829
2020-06-25,0.10604677487023573
2020-06-26,0.08066393870785098
2020-06-27,0.08411718768725149
2020-06-28,0.11154068262584865
2020-06-29,0.10980622749853344
2020-06-30,0.11299344617400188
2020-07-01,0.1438243501573684
2020-07-02,0.11896680319467251
2020-07-03,0.13726669063837402
2020-07-04,0.13237980971882163
2020-07-05,0.11982088503178544
2020-07-06,0.12890052889871456
2020-07-07,0.1417342396252869
2020-07-08,0.16914273772691032
2020-07-09,0.144650238927049
2020-07-10,0.1266507004026808
2020-07-11,0.14633732189383042
2020-07-12,0.1377696417305163
2020-07-13,0.1129173903555354
2020-07-14,0.13008486732452718
2020-07-15,0.09254586322987411
2020-07-16,0.0801040029351854
2020-07-17,0.11148763666404816
2020-07-18,0.10794504356233159
2020-07-19,0.10699567784011829
2020-07-20,0.11620579462698614
2020-07-21,0.13200596390872013
2020-07-22,0.13005202836959162
2020-07-23,0.14264776519948688
2020-07-24,0.14145094522549997
2020-07-25,0.1535300118833501
2020-07-26,0.15077370284856267
2020-07-27,0.15359483761988746
2020-07-28,0.1347590384359671
2020-07-29,0.13926519813437138
2020-07-30,0.1301234811443444
