date,volume
2014-07-31,385
2014-08-01,365
2014-08-02,262
2014-08-03,227
2014-08-04,328
2014-08-05,316
2014-08-06,336
2014-08-07,336
2014-08-08,336
2014-08-09,221
2014-08-10,224
2014-08-11,329
2014-08-12,362
2014-08-13,385
2014-08-14,359
2014-08-15,344
2014-08-16,240
2014-08-17,208
2014-08-18,378
2014-08-19,319
2014-08-20,361
2014-08-21,302
2014-08-22,258
2014-08-23,192
2014-08-24,199
2014-08-25,303
2014-08-26,304
2014-08-27,301
2014-08-28,322
2014-08-29,305
2014-08-30,203
2014-08-31,202
2014-09-01,277
2014-09-02,280
2014-09-03,312
2014-09-04,337
2014-09-05,317
2014-09-06,231
2014-09-07,207
2014-09-08,352
2014-09-09,421
2014-09-10,322
2014-09-11,339
2014-09-12,297
2014-09-13,238
2014-09-14,223
2014-09-15,291
2014-09-16,285
2014-09-17,354
2014-09-18,362
2014-09-19,350
2014-09-20,227
2014-09-21,210
2014-09-22,301
2014-09-23,398
2014-09-24,344
2014-09-25,361
2014-09-26,276
2014-09-27,241
2014-09-28,232
2014-09-29,454
2014-09-30,400
2014-10-01,328
2014-10-02,361
2014-10-03,348
2014-10-04,331
2014-10-05,420
2014-10-06,518
2014-10-07,390
2014-10-08,296
2014-10-09,359
2014-10-10,336
2014-10-11,253
2014-10-12,254
2014-10-13,328
2014-10-14,359
2014-10-15,383
2014-10-16,339
2014-10-17,313
2014-10-18,201
2014-10-19,210
2014-10-20,293
2014-10-21,319
2014-10-22,321
2014-10-23,273
2014-10-24,267
2014-10-25,233
2014-10-26,223
2014-10-27,263
2014-10-28,334
2014-10-29,346
2014-10-30,295
2014-10-31,287
2014-11-01,195
2014-11-02,219
2014-11-03,312
2014-11-04,363
2014-11-05,326
2014-11-06,580
2014-11-07,476
2014-11-08,248
2014-11-09,282
2014-11-10,427
2014-11-11,456
2014-11-12,618
2014-11-13,584
2014-11-14,378
2014-11-15,292
2014-11-16,254
2014-11-17,391
2014-11-18,361
2014-11-19,345
2014-11-20,372
2014-11-21,332
2014-11-22,242
2014-11-23,232
2014-11-24,322
2014-11-25,426
2014-11-26,400
2014-11-27,366
2014-11-28,388
2014-11-29,256
2014-11-30,220
2014-12-01,381
2014-12-02,418
2014-12-03,388
2014-12-04,424
2014-12-05,393
2014-12-06,300
2014-12-07,239
2014-12-08,314
2014-12-09,382
2014-12-10,383
2014-12-11,554
2014-12-12,410
2014-12-13,325
2014-12-14,310
2014-12-15,363
2014-12-16,470
2014-12-17,445
2014-12-18,441
2014-12-19,370
2014-12-20,262
2014-12-21,250
2014-12-22,301
2014-12-23,326
2014-12-24,261
2014-12-25,185
2014-12-26,231
2014-12-27,293
2014-12-28,216
2014-12-29,282
2014-12-30,297
2014-12-31,261
2015-01-01,205
2015-01-02,317
2015-01-03,373
2015-01-04,459
2015-01-05,461
2015-01-06,420
2015-01-07,401
2015-01-08,359
2015-01-09,464
2015-01-10,296
2015-01-11,260
2015-01-12,345
2015-01-13,624
2015-01-14,912
2015-01-15,638
2015-01-16,453
2015-01-17,317
2015-01-18,263
2015-01-19,344
2015-01-20,416
2015-01-21,433
2015-01-22,444
2015-01-23,412
2015-01-24,293
2015-01-25,270
2015-01-26,603
2015-01-27,358
2015-01-28,403
2015-01-29,357
2015-01-30,337
2015-01-31,244
2015-02-01,278
2015-02-02,297
2015-02-03,381
2015-02-04,447
2015-02-05,362
2015-02-06,290
2015-02-07,246
2015-02-08,261
2015-02-09,360
2015-02-10,350
2015-02-11,387
2015-02-12,375
2015-02-13,332
2015-02-14,241
2015-02-15,275
2015-02-16,309
2015-02-17,355
2015-02-18,343
2015-02-19,352
2015-02-20,362
2015-02-21,240
2015-02-22,254
2015-02-23,304
2015-02-24,351
2015-02-25,388
2015-02-26,318
2015-02-27,323
2015-02-28,252
2015-03-01,203
2015-03-02,343
2015-03-03,346
2015-03-04,334
2015-03-05,296
2015-03-06,306
2015-03-07,238
2015-03-08,219
2015-03-09,291
2015-03-10,382
2015-03-11,385
2015-03-12,341
2015-03-13,306
2015-03-14,214
2015-03-15,211
2015-03-16,301
2015-03-17,343
2015-03-18,329
2015-03-19,362
2015-03-20,256
2015-03-21,168
2015-03-22,224
2015-03-23,299
2015-03-24,292
2015-03-25,334
2015-03-26,298
2015-03-27,319
2015-03-28,214
2015-03-29,194
2015-03-30,333
2015-03-31,331
2015-04-01,353
2015-04-02,313
2015-04-03,267
2015-04-04,190
2015-04-05,170
2015-04-06,261
2015-04-07,354
2015-04-08,300
2015-04-09,302
2015-04-10,302
2015-04-11,202
2015-04-12,191
2015-04-13,288
2015-04-14,297
2015-04-15,273
2015-04-16,234
2015-04-17,236
2015-04-18,167
2015-04-19,199
2015-04-20,238
2015-04-21,239
2015-04-22,280
2015-04-23,263
2015-04-24,247
2015-04-25,175
2015-04-26,193
2015-04-27,230
2015-04-28,296
2015-04-29,258
2015-04-30,324
2015-05-01,238
2015-05-02,175
2015-05-03,186
2015-05-04,277
2015-05-05,271
2015-05-06,270
2015-05-07,292
2015-05-08,280
2015-05-09,152
2015-05-10,169
2015-05-11,228
2015-05-12,268
2015-05-13,261
2015-05-14,243
2015-05-15,245
2015-05-16,145
2015-05-17,172
2015-05-18,259
2015-05-19,287
2015-05-20,312
2015-05-21,271
2015-05-22,318
2015-05-23,198
2015-05-24,180
2015-05-25,216
2015-05-26,260
2015-05-27,285
2015-05-28,275
2015-05-29,308
2015-05-30,239
2015-05-31,236
2015-06-01,336
2015-06-02,288
2015-06-03,272
2015-06-04,268
2015-06-05,230
2015-06-06,179
2015-06-07,208
2015-06-08,226
2015-06-09,266
2015-06-10,251
2015-06-11,313
2015-06-12,239
2015-06-13,173
2015-06-14,147
2015-06-15,242
2015-06-16,311
2015-06-17,330
2015-06-18,277
2015-06-19,230
2015-06-20,194
2015-06-21,165
2015-06-22,247
2015-06-23,241
2015-06-24,279
2015-06-25,253
2015-06-26,207
2015-06-27,179
2015-06-28,212
2015-06-29,341
2015-06-30,382
2015-07-01,298
2015-07-02,290
2015-07-03,264
2015-07-04,224
2015-07-05,232
2015-07-06,348
2015-07-07,319
2015-07-08,421
2015-07-09,377
2015-07-10,387
2015-07-11,220
2015-07-12,287
2015-07-13,321
2015-07-14,332
2015-07-15,298
2015-07-16,267
2015-07-17,297
2015-07-18,165
2015-07-19,160
2015-07-20,291
2015-07-21,275
2015-07-22,264
2015-07-23,222
2015-07-24,270
2015-07-25,181
2015-07-26,134
2015-07-27,320
2015-07-28,281
2015-07-29,241
2015-07-30,248
2015-07-31,228
2015-08-01,200
2015-08-02,157
2015-08-03,247
2015-08-04,268
2015-08-05,280
2015-08-06,257
2015-08-07,248
2015-08-08,214
2015-08-09,216
2015-08-10,269
2015-08-11,308
2015-08-12,301
2015-08-13,238
2015-08-14,219
2015-08-15,239
2015-08-16,430
2015-08-17,312
2015-08-18,405
2015-08-19,416
2015-08-20,319
2015-08-21,270
2015-08-22,161
2015-08-23,134
2015-08-24,284
2015-08-25,306
2015-08-26,212
2015-08-27,208
2015-08-28,204
2015-08-29,147
2015-08-30,133
2015-08-31,176
2015-09-01,226
2015-09-02,255
2015-09-03,181
2015-09-04,184
2015-09-05,93
2015-09-06,117
2015-09-07,195
2015-09-08,211
2015-09-09,265
2015-09-10,200
2015-09-11,164
2015-09-12,139
2015-09-13,117
2015-09-14,182
2015-09-15,202
2015-09-16,206
2015-09-17,201
2015-09-18,184
2015-09-19,126
2015-09-20,160
2015-09-21,209
2015-09-22,242
2015-09-23,230
2015-09-24,207
2015-09-25,166
2015-09-26,119
2015-09-27,132
2015-09-28,180
2015-09-29,180
2015-09-30,205
2015-10-01,205
2015-10-02,177
2015-10-03,101
2015-10-04,148
2015-10-05,186
2015-10-06,226
2015-10-07,256
2015-10-08,241
2015-10-09,183
2015-10-10,154
2015-10-11,112
2015-10-12,187
2015-10-13,193
2015-10-14,195
2015-10-15,215
2015-10-16,206
2015-10-17,164
2015-10-18,143
2015-10-19,196
2015-10-20,195
2015-10-21,193
2015-10-22,251
2015-10-23,193
2015-10-24,142
2015-10-25,154
2015-10-26,259
2015-10-27,251
2015-10-28,254
2015-10-29,244
2015-10-30,278
2015-10-31,159
2015-11-01,158
2015-11-02,317
2015-11-03,532
2015-11-04,698
2015-11-05,387
2015-11-06,291
2015-11-07,200
2015-11-08,194
2015-11-09,253
2015-11-10,247
2015-11-11,257
2015-11-12,217
2015-11-13,191
2015-11-14,150
2015-11-15,131
2015-11-16,200
2015-11-17,202
2015-11-18,205
2015-11-19,244
2015-11-20,186
2015-11-21,139
2015-11-22,153
2015-11-23,184
2015-11-24,214
2015-11-25,180
2015-11-26,204
2015-11-27,225
2015-11-28,144
2015-11-29,150
2015-11-30,246
2015-12-01,224
2015-12-02,199
2015-12-03,179
2015-12-04,172
2015-12-05,144
2015-12-06,149
2015-12-07,191
2015-12-08,241
2015-12-09,416
2015-12-10,272
2015-12-11,298
2015-12-12,197
2015-12-13,161
2015-12-14,265
2015-12-15,260
2015-12-16,231
2015-12-17,240
2015-12-18,216
2015-12-19,162
2015-12-20,163
2015-12-21,222
2015-12-22,212
2015-12-23,214
2015-12-24,169
2015-12-25,134
2015-12-26,147
2015-12-27,202
2015-12-28,261
2015-12-29,228
2015-12-30,251
2015-12-31,211
2016-01-01,148
2016-01-02,183
2016-01-03,188
2016-01-04,234
2016-01-05,228
2016-01-06,204
2016-01-07,262
2016-01-08,222
2016-01-09,173
2016-01-10,163
2016-01-11,197
2016-01-12,227
2016-01-13,300
2016-01-14,244
2016-01-15,469
2016-01-16,366
2016-01-17,224
2016-01-18,286
2016-01-19,295
2016-01-20,359
2016-01-21,323
2016-01-22,287
2016-01-23,189
2016-01-24,150
2016-01-25,256
2016-01-26,256
2016-01-27,201
2016-01-28,229
2016-01-29,207
2016-01-30,136
2016-01-31,166
2016-02-01,244
2016-02-02,186
2016-02-03,231
2016-02-04,202
2016-02-05,198
2016-02-06,141
2016-02-07,129
2016-02-08,166
2016-02-09,208
2016-02-10,200
2016-02-11,221
2016-02-12,203
2016-02-13,129
2016-02-14,147
2016-02-15,205
2016-02-16,208
2016-02-17,266
2016-02-18,237
2016-02-19,201
2016-02-20,162
2016-02-21,136
2016-02-22,202
2016-02-23,201
2016-02-24,229
2016-02-25,218
2016-02-26,200
2016-02-27,132
2016-02-28,151
2016-02-29,259
2016-03-01,280
2016-03-02,240
2016-03-03,262
2016-03-04,256
2016-03-05,202
2016-03-06,169
2016-03-07,226
2016-03-08,205
2016-03-09,229
2016-03-10,176
2016-03-11,184
2016-03-12,138
2016-03-13,136
2016-03-14,189
2016-03-15,151
2016-03-16,174
2016-03-17,141
2016-03-18,174
2016-03-19,99
2016-03-20,121
2016-03-21,160
2016-03-22,150
2016-03-23,182
2016-03-24,140
2016-03-25,127
2016-03-26,116
2016-03-27,125
2016-03-28,183
2016-03-29,182
2016-03-30,168
2016-03-31,156
2016-04-01,193
2016-04-02,121
2016-04-03,118
2016-04-04,176
2016-04-05,208
2016-04-06,168
2016-04-07,159
2016-04-08,157
2016-04-09,140
2016-04-10,101
2016-04-11,175
2016-04-12,197
2016-04-13,179
2016-04-14,187
2016-04-15,169
2016-04-16,119
2016-04-17,88
2016-04-18,153
2016-04-19,197
2016-04-20,188
2016-04-21,209
2016-04-22,183
2016-04-23,117
2016-04-24,139
2016-04-25,196
2016-04-26,170
2016-04-27,203
2016-04-28,175
2016-04-29,177
2016-04-30,136
2016-05-01,102
2016-05-02,498
2016-05-03,383
2016-05-04,289
2016-05-05,344
2016-05-06,262
2016-05-07,135
2016-05-08,139
2016-05-09,172
2016-05-10,177
2016-05-11,209
2016-05-12,155
2016-05-13,182
2016-05-14,97
2016-05-15,128
2016-05-16,146
2016-05-17,168
2016-05-18,142
2016-05-19,167
2016-05-20,166
2016-05-21,102
2016-05-22,133
2016-05-23,176
2016-05-24,189
2016-05-25,182
2016-05-26,188
2016-05-27,202
2016-05-28,174
2016-05-29,149
2016-05-30,195
2016-05-31,226
2016-06-01,199
2016-06-02,223
2016-06-03,219
2016-06-04,148
2016-06-05,136
2016-06-06,213
2016-06-07,226
2016-06-08,206
2016-06-09,174
2016-06-10,181
2016-06-11,150
2016-06-12,295
2016-06-13,406
2016-06-14,293
2016-06-15,322
2016-06-16,377
2016-06-17,325
2016-06-18,247
2016-06-19,169
2016-06-20,227
2016-06-21,281
2016-06-22,293
2016-06-23,230
2016-06-24,307
2016-06-25,148
2016-06-26,154
2016-06-27,212
2016-06-28,212
2016-06-29,220
2016-06-30,244
2016-07-01,205
2016-07-02,148
2016-07-03,148
2016-07-04,179
2016-07-05,166
2016-07-06,227
2016-07-07,269
2016-07-08,234
2016-07-09,338
2016-07-10,142
2016-07-11,201
2016-07-12,211
2016-07-13,158
2016-07-14,187
2016-07-15,144
2016-07-16,146
2016-07-17,122
2016-07-18,159
2016-07-19,173
2016-07-20,185
2016-07-21,187
2016-07-22,146
2016-07-23,107
2016-07-24,130
2016-07-25,165
2016-07-26,194
2016-07-27,194
2016-07-28,155
2016-07-29,154
2016-07-30,116
2016-07-31,100
2016-08-01,158
2016-08-02,287
2016-08-03,467
2016-08-04,269
2016-08-05,261
2016-08-06,194
2016-08-07,177
2016-08-08,234
2016-08-09,192
2016-08-10,225
2016-08-11,181
2016-08-12,194
2016-08-13,112
2016-08-14,122
2016-08-15,165
2016-08-16,192
2016-08-17,156
2016-08-18,153
2016-08-19,161
2016-08-20,118
2016-08-21,108
2016-08-22,170
2016-08-23,157
2016-08-24,182
2016-08-25,161
2016-08-26,162
2016-08-27,126
2016-08-28,130
2016-08-29,142
2016-08-30,141
2016-08-31,188
2016-09-01,155
2016-09-02,166
2016-09-03,117
2016-09-04,125
2016-09-05,152
2016-09-06,168
2016-09-07,177
2016-09-08,149
2016-09-09,149
2016-09-10,125
2016-09-11,138
2016-09-12,178
2016-09-13,198
2016-09-14,182
2016-09-15,168
2016-09-16,159
2016-09-17,112
2016-09-18,106
2016-09-19,152
2016-09-20,165
2016-09-21,175
2016-09-22,190
2016-09-23,150
2016-09-24,133
2016-09-25,114
2016-09-26,203
2016-09-27,181
2016-09-28,172
2016-09-29,177
2016-09-30,169
2016-10-01,145
2016-10-02,120
2016-10-03,185
2016-10-04,184
2016-10-05,198
2016-10-06,166
2016-10-07,146
2016-10-08,123
2016-10-09,113
2016-10-10,165
2016-10-11,185
2016-10-12,192
2016-10-13,192
2016-10-14,141
2016-10-15,117
2016-10-16,158
2016-10-17,165
2016-10-18,179
2016-10-19,161
2016-10-20,165
2016-10-21,153
2016-10-22,143
2016-10-23,119
2016-10-24,194
2016-10-25,199
2016-10-26,247
2016-10-27,242
2016-10-28,178
2016-10-29,186
2016-10-30,148
2016-10-31,166
2016-11-01,174
2016-11-02,195
2016-11-03,226
2016-11-04,159
2016-11-05,127
2016-11-06,140
2016-11-07,190
2016-11-08,167
2016-11-09,200
2016-11-10,152
2016-11-11,157
2016-11-12,117
2016-11-13,130
2016-11-14,183
2016-11-15,206
2016-11-16,219
2016-11-17,214
2016-11-18,222
2016-11-19,157
2016-11-20,152
2016-11-21,221
2016-11-22,216
2016-11-23,238
2016-11-24,263
2016-11-25,216
2016-11-26,144
2016-11-27,146
2016-11-28,195
2016-11-29,206
2016-11-30,205
2016-12-01,238
2016-12-02,224
2016-12-03,148
2016-12-04,175
2016-12-05,199
2016-12-06,200
2016-12-07,237
2016-12-08,244
2016-12-09,192
2016-12-10,164
2016-12-11,166
2016-12-12,208
2016-12-13,230
2016-12-14,240
2016-12-15,234
2016-12-16,212
2016-12-17,163
2016-12-18,138
2016-12-19,216
2016-12-20,228
2016-12-21,305
2016-12-22,359
2016-12-23,370
2016-12-24,192
2016-12-25,172
2016-12-26,198
2016-12-27,239
2016-12-28,348
2016-12-29,314
2016-12-30,228
2016-12-31,191
2017-01-01,349
2017-01-02,388
2017-01-03,349
2017-01-04,636
2017-01-05,643
2017-01-06,479
2017-01-07,274
2017-01-08,275
2017-01-09,321
2017-01-10,248
2017-01-11,404
2017-01-12,352
2017-01-13,254
2017-01-14,226
2017-01-15,166
2017-01-16,251
2017-01-17,299
2017-01-18,252
2017-01-19,266
2017-01-20,230
2017-01-21,164
2017-01-22,192
2017-01-23,235
2017-01-24,281
2017-01-25,325
2017-01-26,249
2017-01-27,243
2017-01-28,170
2017-01-29,165
2017-01-30,229
2017-01-31,269
2017-02-01,229
2017-02-02,306
2017-02-03,292
2017-02-04,211
2017-02-05,181
2017-02-06,234
2017-02-07,292
2017-02-08,325
2017-02-09,383
2017-02-10,293
2017-02-11,191
2017-02-12,169
2017-02-13,242
2017-02-14,241
2017-02-15,221
2017-02-16,232
2017-02-17,247
2017-02-18,192
2017-02-19,201
2017-02-20,239
2017-02-21,323
2017-02-22,344
2017-02-23,447
2017-02-24,456
2017-02-25,263
2017-02-26,220
2017-02-27,313
2017-02-28,330
2017-03-01,400
2017-03-02,478
2017-03-03,384
2017-03-04,286
2017-03-05,252
2017-03-06,350
2017-03-07,494
2017-03-08,434
2017-03-09,368
2017-03-10,832
2017-03-11,386
2017-03-12,285
2017-03-13,366
2017-03-14,469
2017-03-15,443
2017-03-16,408
2017-03-17,524
2017-03-18,492
2017-03-19,417
2017-03-20,484
2017-03-21,472
2017-03-22,479
2017-03-23,369
2017-03-24,476
2017-03-25,373
2017-03-26,296
2017-03-27,372
2017-03-28,377
2017-03-29,321
2017-03-30,311
2017-03-31,304
2017-04-01,276
2017-04-02,233
2017-04-03,344
2017-04-04,343
2017-04-05,338
2017-04-06,424
2017-04-07,302
2017-04-08,211
2017-04-09,218
2017-04-10,268
2017-04-11,312
2017-04-12,332
2017-04-13,342
2017-04-14,259
2017-04-15,199
2017-04-16,169
2017-04-17,277
2017-04-18,329
2017-04-19,332
2017-04-20,344
2017-04-21,304
2017-04-22,231
2017-04-23,183
2017-04-24,330
2017-04-25,347
2017-04-26,383
2017-04-27,402
2017-04-28,279
2017-04-29,247
2017-04-30,218
2017-05-01,376
2017-05-02,399
2017-05-03,437
2017-05-04,547
2017-05-05,431
2017-05-06,338
2017-05-07,280
2017-05-08,479
2017-05-09,551
2017-05-10,525
2017-05-11,557
2017-05-12,440
2017-05-13,335
2017-05-14,265
2017-05-15,400
2017-05-16,521
2017-05-17,590
2017-05-18,590
2017-05-19,576
2017-05-20,536
2017-05-21,467
2017-05-22,809
2017-05-23,719
2017-05-24,895
2017-05-25,1229
2017-05-26,826
2017-05-27,624
2017-05-28,508
2017-05-29,578
2017-05-30,607
2017-05-31,575
2017-06-01,614
2017-06-02,621
2017-06-03,453
2017-06-04,489
2017-06-05,610
2017-06-06,933
2017-06-07,705
2017-06-08,630
2017-06-09,588
2017-06-10,501
2017-06-11,489
2017-06-12,800
2017-06-13,683
2017-06-14,825
2017-06-15,904
2017-06-16,619
2017-06-17,505
2017-06-18,508
2017-06-19,681
2017-06-20,732
2017-06-21,705
2017-06-22,674
2017-06-23,646
2017-06-24,481
2017-06-25,473
2017-06-26,646
2017-06-27,668
2017-06-28,667
2017-06-29,636
2017-06-30,602
2017-07-01,486
2017-07-02,444
2017-07-03,557
2017-07-04,533
2017-07-05,523
2017-07-06,586
2017-07-07,608
2017-07-08,441
2017-07-09,440
2017-07-10,651
2017-07-11,723
2017-07-12,739
2017-07-13,682
2017-07-14,636
2017-07-15,558
2017-07-16,658
2017-07-17,703
2017-07-18,776
2017-07-19,771
2017-07-20,974
2017-07-21,784
2017-07-22,523
2017-07-23,635
2017-07-24,726
2017-07-25,869
2017-07-26,874
2017-07-27,852
2017-07-28,1010
2017-07-29,681
2017-07-30,655
2017-07-31,887
2017-08-01,1537
2017-08-02,1330
2017-08-03,974
2017-08-04,834
2017-08-05,1000
2017-08-06,673
2017-08-07,897
2017-08-08,962
2017-08-09,791
2017-08-10,799
2017-08-11,881
2017-08-12,932
2017-08-13,1059
2017-08-14,1148
2017-08-15,1193
2017-08-16,1030
2017-08-17,1086
2017-08-18,1129
2017-08-19,813
2017-08-20,710
2017-08-21,930
2017-08-22,1119
2017-08-23,1017
2017-08-24,1087
2017-08-25,1127
2017-08-26,740
2017-08-27,739
2017-08-28,879
2017-08-29,1098
2017-08-30,1060
2017-08-31,1181
2017-09-01,1246
2017-09-02,960
2017-09-03,857
2017-09-04,1224
2017-09-05,1108
2017-09-06,1079
2017-09-07,1009
2017-09-08,1098
2017-09-09,772
2017-09-10,842
2017-09-11,1008
2017-09-12,1175
2017-09-13,1514
2017-09-14,1699
2017-09-15,1803
2017-09-16,939
2017-09-17,730
2017-09-18,1056
2017-09-19,1045
2017-09-20,1029
2017-09-21,1050
2017-09-22,970
2017-09-23,673
2017-09-24,635
2017-09-25,951
2017-09-26,1030
2017-09-27,1118
2017-09-28,1077
2017-09-29,1029
2017-09-30,787
2017-10-01,710
2017-10-02,1000
2017-10-03,1041
2017-10-04,1053
2017-10-05,988
2017-10-06,924
2017-10-07,773
2017-10-08,835
2017-10-09,1141
2017-10-10,1203
2017-10-11,1070
2017-10-12,1588
2017-10-13,1564
2017-10-14,921
2017-10-15,916
2017-10-16,1201
2017-10-17,1178
2017-10-18,1182
2017-10-19,1168
2017-10-20,1503
2017-10-21,1294
2017-10-22,1049
2017-10-23,1564
2017-10-24,1616
2017-10-25,1401
2017-10-26,1258
2017-10-27,1171
2017-10-28,859
2017-10-29,953
2017-10-30,1263
2017-10-31,1490
2017-11-01,1695
2017-11-02,2319
2017-11-03,1767
2017-11-04,1217
2017-11-05,1186
2017-11-06,1429
2017-11-07,1433
2017-11-08,1941
2017-11-09,1710
2017-11-10,1805
2017-11-11,1852
2017-11-12,2442
2017-11-13,2121
2017-11-14,1831
2017-11-15,1874
2017-11-16,2135
2017-11-17,2079
2017-11-18,1277
2017-11-19,1380
2017-11-20,1901
2017-11-21,2115
2017-11-22,1751
2017-11-23,1625
2017-11-24,1522
2017-11-25,1537
2017-11-26,2608
2017-11-27,2617
2017-11-28,3361
2017-11-29,5552
2017-11-30,3125
2017-12-01,2511
2017-12-02,2045
2017-12-03,2177
2017-12-04,2616
2017-12-05,2636
2017-12-06,3805
2017-12-07,5387
2017-12-08,4101
2017-12-09,2928
2017-12-10,3017
2017-12-11,3267
2017-12-12,3548
2017-12-13,3227
2017-12-14,3162
2017-12-15,2796
2017-12-16,2542
2017-12-17,2483
2017-12-18,3062
2017-12-19,3457
2017-12-20,4962
2017-12-21,3747
2017-12-22,5386
2017-12-23,2721
2017-12-24,2090
2017-12-25,1910
2017-12-26,2296
2017-12-27,2672
2017-12-28,2494
2017-12-29,2553
2017-12-30,2571
2017-12-31,2139
2018-01-01,1848
2018-01-02,2700
2018-01-03,3191
2018-01-04,3489
2018-01-05,3525
2018-01-06,3007
2018-01-07,3023
2018-01-08,3477
2018-01-09,3352
2018-01-10,3352
2018-01-11,3516
2018-01-12,2888
2018-01-13,2548
2018-01-14,2294
2018-01-15,2673
2018-01-16,4770
2018-01-17,4998
2018-01-18,3350
2018-01-19,2585
2018-01-20,2206
2018-01-21,1846
2018-01-22,2406
2018-01-23,2576
2018-01-24,2551
2018-01-25,2461
2018-01-26,2134
2018-01-27,1713
2018-01-28,1665
2018-01-29,2089
2018-01-30,2515
2018-01-31,2568
2018-02-01,3022
2018-02-02,3185
2018-02-03,1697
2018-02-04,1641
2018-02-05,2775
2018-02-06,3098
2018-02-07,2184
2018-02-08,2053
2018-02-09,1931
2018-02-10,1619
2018-02-11,1546
2018-02-12,1723
2018-02-13,1747
2018-02-14,1835
2018-02-15,1799
2018-02-16,1645
2018-02-17,1350
2018-02-18,1366
2018-02-19,1572
2018-02-20,1724
2018-02-21,1715
2018-02-22,1653
2018-02-23,1522
2018-02-24,1190
2018-02-25,1110
2018-02-26,1514
2018-02-27,1541
2018-02-28,1566
2018-03-01,1613
2018-03-02,1425
2018-03-03,1051
2018-03-04,953
2018-03-05,1420
2018-03-06,1467
2018-03-07,1639
2018-03-08,1518
2018-03-09,1709
2018-03-10,1047
2018-03-11,996
2018-03-12,1418
2018-03-13,1369
2018-03-14,1559
2018-03-15,1576
2018-03-16,1385
2018-03-17,951
2018-03-18,1181
2018-03-19,1320
2018-03-20,1381
2018-03-21,1387
2018-03-22,1204
2018-03-23,1153
2018-03-24,885
2018-03-25,857
2018-03-26,1186
2018-03-27,1285
2018-03-28,1227
2018-03-29,1306
2018-03-30,1372
2018-03-31,964
2018-04-01,1009
2018-04-02,1088
2018-04-03,1283
2018-04-04,1215
2018-04-05,1268
2018-04-06,1173
2018-04-07,844
2018-04-08,867
2018-04-09,1132
2018-04-10,1162
2018-04-11,1094
2018-04-12,1265
2018-04-13,1221
2018-04-14,747
2018-04-15,834
2018-04-16,1151
2018-04-17,1398
2018-04-18,1208
2018-04-19,1210
2018-04-20,1184
2018-04-21,821
2018-04-22,773
2018-04-23,1333
2018-04-24,1546
2018-04-25,1317
2018-04-26,1340
2018-04-27,1178
2018-04-28,879
2018-04-29,913
2018-04-30,1184
2018-05-01,1190
2018-05-02,1256
2018-05-03,1332
2018-05-04,1257
2018-05-05,887
2018-05-06,818
2018-05-07,1186
2018-05-08,1377
2018-05-09,1299
2018-05-10,1183
2018-05-11,1259
2018-05-12,815
2018-05-13,872
2018-05-14,1261
2018-05-15,1302
2018-05-16,1276
2018-05-17,1229
2018-05-18,1133
2018-05-19,765
2018-05-20,679
2018-05-21,1044
2018-05-22,1112
2018-05-23,1138
2018-05-24,1054
2018-05-25,1050
2018-05-26,777
2018-05-27,687
2018-05-28,954
2018-05-29,1155
2018-05-30,1133
2018-05-31,1133
2018-06-01,1092
2018-06-02,833
2018-06-03,785
2018-06-04,1043
2018-06-05,1067
2018-06-06,1151
2018-06-07,1138
2018-06-08,999
2018-06-09,791
2018-06-10,836
2018-06-11,1073
2018-06-12,1234
2018-06-13,1216
2018-06-14,1109
2018-06-15,1009
2018-06-16,669
2018-06-17,664
2018-06-18,1183
2018-06-19,1496
2018-06-20,1165
2018-06-21,1190
2018-06-22,1131
2018-06-23,780
2018-06-24,804
2018-06-25,1065
2018-06-26,1168
2018-06-27,1183
2018-06-28,1109
2018-06-29,1064
2018-06-30,872
2018-07-01,677
2018-07-02,1117
2018-07-03,1084
2018-07-04,1062
2018-07-05,1090
2018-07-06,982
2018-07-07,690
2018-07-08,674
2018-07-09,977
2018-07-10,1003
2018-07-11,961
2018-07-12,1067
2018-07-13,1112
2018-07-14,799
2018-07-15,611
2018-07-16,1027
2018-07-17,1218
2018-07-18,1315
2018-07-19,1097
2018-07-20,1067
2018-07-21,703
2018-07-22,728
2018-07-23,1066
2018-07-24,1273
2018-07-25,1229
2018-07-26,1131
2018-07-27,1081
2018-07-28,904
2018-07-29,679
2018-07-30,1231
2018-07-31,1087
2018-08-01,1092
2018-08-02,1146
2018-08-03,1158
2018-08-04,748
2018-08-05,783
2018-08-06,960
2018-08-07,969
2018-08-08,1102
2018-08-09,1141
2018-08-10,1015
2018-08-11,810
2018-08-12,628
2018-08-13,1079
2018-08-14,1302
2018-08-15,1014
2018-08-16,1101
2018-08-17,1033
2018-08-18,816
2018-08-19,736
2018-08-20,1088
2018-08-21,1053
2018-08-22,1142
2018-08-23,1002
2018-08-24,878
2018-08-25,706
2018-08-26,682
2018-08-27,1013
2018-08-28,1052
2018-08-29,1113
2018-08-30,1116
2018-08-31,1021
2018-09-01,749
2018-09-02,789
2018-09-03,917
2018-09-04,1111
2018-09-05,1175
2018-09-06,1093
2018-09-07,976
2018-09-08,760
2018-09-09,689
2018-09-10,915
2018-09-11,855
2018-09-12,1102
2018-09-13,920
2018-09-14,872
2018-09-15,682
2018-09-16,624
2018-09-17,980
2018-09-18,1109
2018-09-19,936
2018-09-20,965
2018-09-21,1097
2018-09-22,686
2018-09-23,615
2018-09-24,840
2018-09-25,1109
2018-09-26,1138
2018-09-27,978
2018-09-28,828
2018-09-29,730
2018-09-30,765
2018-10-01,864
2018-10-02,899
2018-10-03,925
2018-10-04,935
2018-10-05,881
2018-10-06,640
2018-10-07,572
2018-10-08,848
2018-10-09,869
2018-10-10,1036
2018-10-11,1017
2018-10-12,1009
2018-10-13,613
2018-10-14,705
2018-10-15,1070
2018-10-16,1031
2018-10-17,977
2018-10-18,842
2018-10-19,850
2018-10-20,642
2018-10-21,705
2018-10-22,952
2018-10-23,966
2018-10-24,978
2018-10-25,877
2018-10-26,869
2018-10-27,622
2018-10-28,526
2018-10-29,812
2018-10-30,944
2018-10-31,1077
2018-11-01,1059
2018-11-02,894
2018-11-03,626
2018-11-04,548
2018-11-05,822
2018-11-06,1004
2018-11-07,800
2018-11-08,919
2018-11-09,919
2018-11-10,653
2018-11-11,527
2018-11-12,752
2018-11-13,835
2018-11-14,1127
2018-11-15,1026
2018-11-16,915
2018-11-17,611
2018-11-18,532
2018-11-19,946
2018-11-20,1279
2018-11-21,972
2018-11-22,720
2018-11-23,812
2018-11-24,694
2018-11-25,1004
2018-11-26,887
2018-11-27,1026
2018-11-28,882
2018-11-29,844
2018-11-30,790
2018-12-01,560
2018-12-02,571
2018-12-03,890
2018-12-04,850
2018-12-05,812
2018-12-06,813
2018-12-07,955
2018-12-08,552
2018-12-09,536
2018-12-10,860
2018-12-11,881
2018-12-12,877
2018-12-13,895
2018-12-14,838
2018-12-15,675
2018-12-16,578
2018-12-17,908
2018-12-18,960
2018-12-19,897
2018-12-20,800
2018-12-21,842
2018-12-22,614
2018-12-23,646
2018-12-24,649
2018-12-25,466
2018-12-26,531
2018-12-27,552
2018-12-28,679
2018-12-29,472
2018-12-30,507
2018-12-31,699
2019-01-01,631
2019-01-02,759
2019-01-03,691
2019-01-04,614
2019-01-05,467
2019-01-06,569
2019-01-07,675
2019-01-08,841
2019-01-09,799
2019-01-10,810
2019-01-11,703
2019-01-12,504
2019-01-13,471
2019-01-14,614
2019-01-15,648
2019-01-16,735
2019-01-17,729
2019-01-18,611
2019-01-19,496
2019-01-20,454
2019-01-21,715
2019-01-22,699
2019-01-23,719
2019-01-24,701
2019-01-25,667
2019-01-26,406
2019-01-27,426
2019-01-28,636
2019-01-29,716
2019-01-30,642
2019-01-31,702
2019-02-01,558
2019-02-02,456
2019-02-03,382
2019-02-04,543
2019-02-05,592
2019-02-06,610
2019-02-07,605
2019-02-08,642
2019-02-09,391
2019-02-10,408
2019-02-11,594
2019-02-12,606
2019-02-13,636
2019-02-14,690
2019-02-15,596
2019-02-16,394
2019-02-17,394
2019-02-18,629
2019-02-19,580
2019-02-20,696
2019-02-21,629
2019-02-22,611
2019-02-23,428
2019-02-24,462
2019-02-25,620
2019-02-26,578
2019-02-27,567
2019-02-28,566
2019-03-01,587
2019-03-02,347
2019-03-03,404
2019-03-04,585
2019-03-05,610
2019-03-06,577
2019-03-07,548
2019-03-08,539
2019-03-09,407
2019-03-10,374
2019-03-11,520
2019-03-12,584
2019-03-13,568
2019-03-14,561
2019-03-15,556
2019-03-16,368
2019-03-17,376
2019-03-18,554
2019-03-19,593
2019-03-20,588
2019-03-21,495
2019-03-22,496
2019-03-23,344
2019-03-24,373
2019-03-25,498
2019-03-26,597
2019-03-27,539
2019-03-28,532
2019-03-29,586
2019-03-30,351
2019-03-31,318
2019-04-01,596
2019-04-02,889
2019-04-03,863
2019-04-04,618
2019-04-05,580
2019-04-06,423
2019-04-07,393
2019-04-08,605
2019-04-09,668
2019-04-10,621
2019-04-11,632
2019-04-12,597
2019-04-13,376
2019-04-14,353
2019-04-15,610
2019-04-16,628
2019-04-17,613
2019-04-18,579
2019-04-19,587
2019-04-20,407
2019-04-21,336
2019-04-22,505
2019-04-23,635
2019-04-24,555
2019-04-25,603
2019-04-26,630
2019-04-27,400
2019-04-28,389
2019-04-29,544
2019-04-30,643
2019-05-01,547
2019-05-02,554
2019-05-03,588
2019-05-04,436
2019-05-05,354
2019-05-06,488
2019-05-07,530
2019-05-08,641
2019-05-09,623
2019-05-10,596
2019-05-11,762
2019-05-12,590
2019-05-13,925
2019-05-14,897
2019-05-15,720
2019-05-16,780
2019-05-17,741
2019-05-18,456
2019-05-19,532
2019-05-20,574
2019-05-21,665
2019-05-22,695
2019-05-23,624
2019-05-24,627
2019-05-25,474
2019-05-26,498
2019-05-27,703
2019-05-28,713
2019-05-29,691
2019-05-30,800
2019-05-31,629
2019-06-01,502
2019-06-02,434
2019-06-03,586
2019-06-04,709
2019-06-05,627
2019-06-06,569
2019-06-07,603
2019-06-08,419
2019-06-09,365
2019-06-10,569
2019-06-11,612
2019-06-12,584
2019-06-13,607
2019-06-14,681
2019-06-15,498
2019-06-16,606
2019-06-17,716
2019-06-18,872
2019-06-19,845
2019-06-20,722
2019-06-21,961
2019-06-22,1002
2019-06-23,575
2019-06-24,792
2019-06-25,933
2019-06-26,1737
2019-06-27,1117
2019-06-28,799
2019-06-29,555
2019-06-30,510
2019-07-01,706
2019-07-02,771
2019-07-03,788
2019-07-04,667
2019-07-05,578
2019-07-06,454
2019-07-07,467
2019-07-08,706
2019-07-09,739
2019-07-10,843
2019-07-11,663
2019-07-12,822
2019-07-13,497
2019-07-14,489
2019-07-15,751
2019-07-16,760
2019-07-17,826
2019-07-18,729
2019-07-19,647
2019-07-20,491
2019-07-21,453
2019-07-22,640
2019-07-23,702
2019-07-24,698
2019-07-25,659
2019-07-26,621
2019-07-27,470
2019-07-28,453
2019-07-29,602
2019-07-30,687
2019-07-31,638
2019-08-01,603
2019-08-02,648
2019-08-03,423
2019-08-04,433
2019-08-05,731
2019-08-06,681
2019-08-07,659
2019-08-08,584
2019-08-09,625
2019-08-10,424
2019-08-11,425
2019-08-12,555
2019-08-13,631
2019-08-14,654
2019-08-15,602
2019-08-16,589
2019-08-17,438
2019-08-18,423
2019-08-19,550
2019-08-20,642
2019-08-21,546
2019-08-22,568
2019-08-23,552
2019-08-24,418
2019-08-25,422
2019-08-26,541
2019-08-27,645
2019-08-28,640
2019-08-29,584
2019-08-30,489
2019-08-31,366
2019-09-01,361
2019-09-02,523
2019-09-03,582
2019-09-04,555
2019-09-05,575
2019-09-06,532
2019-09-07,359
2019-09-08,386
2019-09-09,513
2019-09-10,555
2019-09-11,575
2019-09-12,538
2019-09-13,557
2019-09-14,418
2019-09-15,387
2019-09-16,549
2019-09-17,553
2019-09-18,615
2019-09-19,616
2019-09-20,530
2019-09-21,386
2019-09-22,380
2019-09-23,571
2019-09-24,764
2019-09-25,616
2019-09-26,713
2019-09-27,854
2019-09-28,543
2019-09-29,487
2019-09-30,752
2019-10-01,771
2019-10-02,720
2019-10-03,726
2019-10-04,699
2019-10-05,582
2019-10-06,480
2019-10-07,746
2019-10-08,746
2019-10-09,772
2019-10-10,735
2019-10-11,431
2019-10-12,330
2019-10-13,289
2019-10-14,408
2019-10-15,480
2019-10-16,514
2019-10-17,427
2019-10-18,473
2019-10-19,357
2019-10-20,323
2019-10-21,454
2019-10-22,464
2019-10-23,558
2019-10-24,502
2019-10-25,580
2019-10-26,548
2019-10-27,397
2019-10-28,442
2019-10-29,465
2019-10-30,471
2019-10-31,463
2019-11-01,444
2019-11-02,369
2019-11-03,287
2019-11-04,461
2019-11-05,505
2019-11-06,474
2019-11-07,459
2019-11-08,453
2019-11-09,340
2019-11-10,322
2019-11-11,434
2019-11-12,463
2019-11-13,465
2019-11-14,439
2019-11-15,480
2019-11-16,356
2019-11-17,361
2019-11-18,429
2019-11-19,456
2019-11-20,480
2019-11-21,504
2019-11-22,470
2019-11-23,337
2019-11-24,334
2019-11-25,509
2019-11-26,413
2019-11-27,476
2019-11-28,420
2019-11-29,457
2019-11-30,318
2019-12-01,301
2019-12-02,485
2019-12-03,502
2019-12-04,470
2019-12-05,438
2019-12-06,400
2019-12-07,268
2019-12-08,273
2019-12-09,367
2019-12-10,386
2019-12-11,381
2019-12-12,370
2019-12-13,327
2019-12-14,249
2019-12-15,271
2019-12-16,344
2019-12-17,389
2019-12-18,390
2019-12-19,386
2019-12-20,327
2019-12-21,271
2019-12-22,241
2019-12-23,343
2019-12-24,304
2019-12-25,222
2019-12-26,290
2019-12-27,270
2019-12-28,267
2019-12-29,261
2019-12-30,302
2019-12-31,283
2020-01-01,223
2020-01-02,358
2020-01-03,331
2020-01-04,312
2020-01-05,299
2020-01-06,320
2020-01-07,399
2020-01-08,459
2020-01-09,327
2020-01-10,339
2020-01-11,263
2020-01-12,269
2020-01-13,338
2020-01-14,425
2020-01-15,371
2020-01-16,326
2020-01-17,350
2020-01-18,261
2020-01-19,339
2020-01-20,307
2020-01-21,358
2020-01-22,342
2020-01-23,303
2020-01-24,300
2020-01-25,250
2020-01-26,245
2020-01-27,287
2020-01-28,333
2020-01-29,347
2020-01-30,357
2020-01-31,344
2020-02-01,250
2020-02-02,264
2020-02-03,334
2020-02-04,323
2020-02-05,360
2020-02-06,411
2020-02-07,382
2020-02-08,313
2020-02-09,421
2020-02-10,367
2020-02-11,451
2020-02-12,424
2020-02-13,401
2020-02-14,398
2020-02-15,320
2020-02-16,320
2020-02-17,350
2020-02-18,397
2020-02-19,378
2020-02-20,376
2020-02-21,338
2020-02-22,300
2020-02-23,280
2020-02-24,315
2020-02-25,368
2020-02-26,418
2020-02-27,376
2020-02-28,346
2020-02-29,285
2020-03-01,260
2020-03-02,379
2020-03-03,378
2020-03-04,410
2020-03-05,404
2020-03-06,333
2020-03-07,274
2020-03-08,277
2020-03-09,369
2020-03-10,381
2020-03-11,365
2020-03-12,728
2020-03-13,921
2020-03-14,362
2020-03-15,356
2020-03-16,519
2020-03-17,456
2020-03-18,393
2020-03-19,458
2020-03-20,377
2020-03-21,322
2020-03-22,312
2020-03-23,364
2020-03-24,448
2020-03-25,413
2020-03-26,398
2020-03-27,359
2020-03-28,331
2020-03-29,289
2020-03-30,370
2020-03-31,423
2020-04-01,407
2020-04-02,349
2020-04-03,343
2020-04-04,262
2020-04-05,274
2020-04-06,341
2020-04-07,338
2020-04-08,328
2020-04-09,392
2020-04-10,385
2020-04-11,316
2020-04-12,296
2020-04-13,369
2020-04-14,409
2020-04-15,389
2020-04-16,438
2020-04-17,402
2020-04-18,367
2020-04-19,362
2020-04-20,438
2020-04-21,426
2020-04-22,475
2020-04-23,455
2020-04-24,391
2020-04-25,351
2020-04-26,366
2020-04-27,436
2020-04-28,512
2020-04-29,536
2020-04-30,593
2020-05-01,466
2020-05-02,450
2020-05-03,433
2020-05-04,421
2020-05-05,465
2020-05-06,562
2020-05-07,666
2020-05-08,634
2020-05-09,466
2020-05-10,613
2020-05-11,865
2020-05-12,621
2020-05-13,540
2020-05-14,720
2020-05-15,696
2020-05-16,550
2020-05-17,455
2020-05-18,594
2020-05-19,593
2020-05-20,583
2020-05-21,556
2020-05-22,616
2020-05-23,452
2020-05-24,428
2020-05-25,515
2020-05-26,536
2020-05-27,448
2020-05-28,514
2020-05-29,414
2020-05-30,333
2020-05-31,324
2020-06-01,464
2020-06-02,580
2020-06-03,507
2020-06-04,428
2020-06-05,470
2020-06-06,376
2020-06-07,389
2020-06-08,408
2020-06-09,480
2020-06-10,484
2020-06-11,471
2020-06-12,415
2020-06-13,397
2020-06-14,339
2020-06-15,450
2020-06-16,470
2020-06-17,464
2020-06-18,454
2020-06-19,471
2020-06-20,325
2020-06-21,338
2020-06-22,453
2020-06-23,478
2020-06-24,463
2020-06-25,372
2020-06-26,343
2020-06-27,308
2020-06-28,347
2020-06-29,368
2020-06-30,360
2020-07-01,399
2020-07-02,377
2020-07-03,377
2020-07-04,319
2020-07-05,333
2020-07-06,435
2020-07-07,472
2020-07-08,536
2020-07-09,446
2020-07-10,397
2020-07-11,353
2020-07-12,335
2020-07-13,455
2020-07-14,443
2020-07-15,640
2020-07-16,511
2020-07-17,459
2020-07-18,316
2020-07-19,370
2020-07-20,458
2020-07-21,449
2020-07-22,466
2020-07-23,463
2020-07-24,430
2020-07-25,371
2020-07-26,431
2020-07-27,658
2020-07-28,498
2020-07-29,513
2020-07-30,485
